Number of nodes 945 
     0 :  1.5350000e-03 -5.3950000e-03 
     1 :  7.6750000e-04 -2.6975000e-03 
     2 :  0.0000000e+00  0.0000000e+00 
     3 :  3.6530865e-03 -3.0383954e-03 
     4 :  5.2496791e-03 -5.5305744e-03 
     5 :  3.2750000e-03 -7.9170000e-03 
     6 :  2.5304749e-03 -4.9104022e-05 
     7 :  2.1950000e-04  2.7960000e-03 
     8 :  4.3900000e-04  5.5920000e-03 
     9 :  5.5263425e-03 -3.2251085e-04 
    10 :  7.3059171e-03 -2.9751685e-03 
    11 :  9.0375747e-03 -5.5143234e-03 
    12 :  7.0031271e-03 -8.1111794e-03 
    13 :  5.0150000e-03 -1.0439000e-02 
    14 :  3.2692114e-03  3.0075884e-03 
    15 :  3.3450130e-03  6.4104164e-03 
    16 :  1.6545000e-03  8.4080000e-03 
    17 :  6.9774154e-03  2.5847877e-03 
    18 :  9.1360684e-03 -4.3082239e-04 
    19 :  1.1302263e-02 -2.9861553e-03 
    20 :  1.2953303e-02 -7.6659116e-03 
    21 :  1.0218285e-02 -1.0422300e-02 
    22 :  7.7180000e-03 -1.2782500e-02 
    23 :  6.3116732e-03  5.7048412e-03 
    24 :  4.7486251e-03  8.8528614e-03 
    25 :  2.8700000e-03  1.1224000e-02 
    26 :  1.0689800e-02  3.6110909e-03 
    27 :  1.3670060e-02 -1.2609235e-04 
    28 :  1.5920385e-02 -4.6102586e-03 
    29 :  1.6859913e-02 -1.0278466e-02 
    30 :  1.3723820e-02 -1.2736799e-02 
    31 :  1.0421000e-02 -1.5126000e-02 
    32 :  5.0810000e-03  1.4051000e-02 
    33 :  9.1018373e-03  8.2221444e-03 
    34 :  7.0320880e-03  1.1294157e-02 
    35 :  1.3694089e-02  6.6974158e-03 
    36 :  1.8741711e-02 -6.9290443e-04 
    37 :  1.6259021e-02  3.1542609e-03 
    38 :  7.2920000e-03  1.6878000e-02 
    39 :  2.0282252e-02 -6.7954182e-03 
    40 :  2.1021757e-02 -1.2047398e-02 
    41 :  1.7494451e-02 -1.4764253e-02 
    42 :  1.4073000e-02 -1.7288500e-02 
    43 :  9.6779656e-03  1.4197895e-02 
    44 :  1.1926277e-02  1.1163671e-02 
    45 :  1.6247135e-02  9.7108409e-03 
    46 :  1.8753734e-02  6.7377240e-03 
    47 :  2.2169328e-02 -3.6430481e-04 
    48 :  2.3371085e-02 -3.5664292e-03 
    49 :  2.2004732e-02  2.6983313e-03 
    50 :  1.0492000e-02  1.9704500e-02 
    51 :  2.4657632e-02 -8.6164177e-03 
    52 :  2.5475286e-02 -1.3552137e-02 
    53 :  2.1575982e-02 -1.6766613e-02 
    54 :  1.7725000e-02 -1.9451000e-02 
    55 :  1.3069614e-02  1.6548253e-02 
    56 :  1.6597702e-02  1.3762283e-02 
    57 :  2.0308226e-02  1.0905164e-02 
    58 :  2.4175340e-02  7.7332520e-03 
    59 :  2.5993392e-02 -4.7324830e-04 
    60 :  2.8230228e-02 -4.7038562e-03 
    61 :  2.7833813e-02  4.2684833e-03 
    62 :  1.3692000e-02  2.2531000e-02 
    63 :  2.9266532e-02 -9.8282440e-03 
    64 :  3.0253919e-02 -1.4937619e-02 
    65 :  2.6279910e-02 -1.8427956e-02 
    66 :  2.2308500e-02 -2.1429500e-02 
    67 :  1.7489692e-02  1.9553395e-02 
    68 :  2.1269812e-02  1.6753803e-02 
    69 :  2.5320094e-02  1.3612077e-02 
    70 :  2.9396017e-02  1.0140497e-02 
    71 :  3.1819345e-02 -8.2330631e-05 
    72 :  3.3378186e-02 -5.0096226e-03 
    73 :  3.3614053e-02  5.5943988e-03 
    74 :  1.7871500e-02  2.5341500e-02 
    75 :  3.4522871e-02 -1.0555949e-02 
    76 :  3.5857071e-02 -1.5896126e-02 
    77 :  3.1459374e-02 -1.9882759e-02 
    78 :  2.6892000e-02 -2.3408000e-02 
    79 :  2.1883359e-02  2.2318153e-02 
    80 :  2.6072081e-02  1.9187052e-02 
    81 :  3.0365503e-02  1.5799802e-02 
    82 :  3.4727288e-02  1.2124101e-02 
    83 :  3.6758807e-02  1.2573159e-03 
    84 :  3.9091883e-02 -4.8535730e-03 
    85 :  3.9188076e-02  8.2741635e-03 
    86 :  2.2051000e-02  2.8152000e-02 
    87 :  4.0530594e-02 -1.0660773e-02 
    88 :  4.1995598e-02 -1.6690859e-02 
    89 :  3.7103949e-02 -2.1318988e-02 
    90 :  3.2386000e-02 -2.5199000e-02 
    91 :  2.6628140e-02  2.4998315e-02 
    92 :  3.1061523e-02  2.1649006e-02 
    93 :  3.5629287e-02  1.8069334e-02 
    94 :  4.0339011e-02  1.3996301e-02 
    95 :  4.2716013e-02  2.5258930e-03 
    96 :  4.5312518e-02 -4.0343168e-03 
    97 :  4.4943867e-02  9.3095095e-03 
    98 :  2.7197000e-02  3.0928000e-02 
    99 :  4.7081634e-02 -1.1218621e-02 
   100 :  4.8383084e-02 -1.7512339e-02 
   101 :  4.3184635e-02 -2.2488922e-02 
   102 :  3.7880000e-02 -2.6990000e-02 
   103 :  3.1873200e-02  2.7505039e-02 
   104 :  3.6636111e-02  2.3984517e-02 
   105 :  4.1478247e-02  2.0144210e-02 
   106 :  4.6287968e-02  1.5628002e-02 
   107 :  4.9212240e-02  2.5743396e-03 
   108 :  5.2415578e-02 -5.1161361e-03 
   109 :  5.1092732e-02  1.0315388e-02 
   110 :  3.2343000e-02  3.3704000e-02 
   111 :  5.3868217e-02 -1.1604016e-02 
   112 :  5.5462963e-02 -1.8029489e-02 
   113 :  4.9796573e-02 -2.3697769e-02 
   114 :  4.4260500e-02 -2.8591500e-02 
   115 :  3.7462063e-02  3.0138396e-02 
   116 :  4.2644251e-02  2.6197614e-02 
   117 :  4.7655117e-02  2.1877826e-02 
   118 :  5.2831693e-02  1.6696881e-02 
   119 :  5.7122035e-02  1.9556822e-03 
   120 :  5.9100445e-02 -5.7296148e-03 
   121 :  5.8505477e-02  1.0273878e-02 
   122 :  6.3813027e-02  4.5435006e-03 
   123 :  3.8437500e-02  3.6424000e-02 
   124 :  6.1025322e-02 -1.2005525e-02 
   125 :  6.2842556e-02 -1.8392005e-02 
   126 :  5.6827316e-02 -2.4664976e-02 
   127 :  5.0641000e-02 -3.0193000e-02 
   128 :  4.3725267e-02  3.2535700e-02 
   129 :  4.9014236e-02  2.8357828e-02 
   130 :  5.4453652e-02  2.3388184e-02 
   131 :  6.0123444e-02  1.7575194e-02 
   132 :  6.5714744e-02 -3.1715801e-03 
   133 :  6.5957673e-02  1.1001528e-02 
   134 :  7.1272828e-02  4.2481388e-03 
   135 :  4.4532000e-02  3.9144000e-02 
   136 :  6.9531487e-02 -1.1116088e-02 
   137 :  7.1311065e-02 -1.8286439e-02 
   138 :  6.4264767e-02 -2.5702044e-02 
   139 :  5.7880500e-02 -3.1603500e-02 
   140 :  5.0400679e-02  3.4848323e-02 
   141 :  5.6029854e-02  3.0162538e-02 
   142 :  6.1970262e-02  2.4600512e-02 
   143 :  6.7883791e-02  1.8530682e-02 
   144 :  7.7125973e-02 -2.6880801e-03 
   145 :  7.4060790e-02  1.1641902e-02 
   146 :  7.8080698e-02  5.8441437e-03 
   147 :  5.1552500e-02  4.1785500e-02 
   148 :  7.8275467e-02 -1.1005723e-02 
   149 :  7.9408200e-02 -1.9078461e-02 
   150 :  7.2041787e-02 -2.6166987e-02 
   151 :  6.5120000e-02 -3.3014000e-02 
   152 :  5.7550216e-02  3.7104373e-02 
   153 :  6.3645381e-02  3.1870560e-02 
   154 :  6.9857290e-02  2.5939786e-02 
   155 :  8.5548965e-02 -3.3303282e-03 
   156 :  7.6252673e-02  1.9324980e-02 
   157 :  8.4748485e-02  4.6476229e-03 
   158 :  8.3195414e-02  1.1371134e-02 
   159 :  5.8573000e-02  4.4427000e-02 
   160 :  8.6727111e-02 -1.1534938e-02 
   161 :  9.4351280e-02 -2.9738868e-03 
   162 :  8.7881847e-02 -1.9762555e-02 
   163 :  8.0471727e-02 -2.7116206e-02 
   164 :  7.3188500e-02 -3.4232500e-02 
   165 :  6.5188042e-02  3.9210686e-02 
   166 :  7.1720704e-02  3.3444472e-02 
   167 :  7.8365897e-02  2.7044315e-02 
   168 :  9.2894654e-02  4.4026279e-03 
   169 :  1.0085686e-01  3.0951075e-03 
   170 :  8.5086664e-02  2.0030995e-02 
   171 :  9.0216506e-02  1.2473490e-02 
   172 :  6.6494000e-02  4.6965500e-02 
   173 :  9.5500312e-02 -1.1403763e-02 
   174 :  1.0340716e-01 -3.1507637e-03 
   175 :  9.6854332e-02 -1.9938036e-02 
   176 :  8.9053026e-02 -2.8005735e-02 
   177 :  8.1257000e-02 -3.5451000e-02 
   178 :  7.3271546e-02  4.1343329e-02 
   179 :  8.0157355e-02  3.5142111e-02 
   180 :  8.7190510e-02  2.8277490e-02 
   181 :  1.0847870e-01  5.0595951e-03 
   182 :  1.0120439e-01  1.2395633e-02 
   183 :  9.4334425e-02  2.0694627e-02 
   184 :  7.4415000e-02  4.9504000e-02 
   185 :  1.0475277e-01 -1.1377542e-02 
   186 :  1.1283727e-01 -2.4589722e-03 
   187 :  1.0643906e-01 -2.0160586e-02 
   188 :  9.8238774e-02 -2.8616551e-02 
   189 :  9.0122004e-02 -3.6479000e-02 
   190 :  8.1796399e-02  4.3337598e-02 
   191 :  8.9113181e-02  3.6643958e-02 
   192 :  1.1949057e-01  6.3505756e-03 
   193 :  9.6609862e-02  2.9113245e-02 
   194 :  1.1225340e-01  1.4179672e-02 
   195 :  1.0405177e-01  2.1581855e-02 
   196 :  8.3205500e-02  5.1914500e-02 
   197 :  1.1481283e-01 -1.1297176e-02 
   198 :  1.2298650e-01 -2.1987708e-03 
   199 :  1.1696281e-01 -2.0165476e-02 
   200 :  1.0803237e-01 -2.8921904e-02 
   201 :  9.8987000e-02 -3.7507000e-02 
   202 :  9.0771653e-02  4.5346808e-02 
   203 :  9.8427083e-02  3.8247552e-02 
   204 :  1.3048420e-01  7.0049594e-03 
   205 :  1.2253322e-01  1.5446499e-02 
   206 :  1.0626943e-01  3.0491537e-02 
   207 :  1.1422481e-01  2.3049285e-02 
   208 :  9.1996000e-02  5.4325000e-02 
   209 :  1.2608854e-01 -1.0890703e-02 
   210 :  1.3506564e-01 -1.5943194e-03 
   211 :  1.2672562e-01 -2.0553103e-02 
   212 :  1.1771139e-01 -2.9581528e-02 
   213 :  1.0881500e-01 -3.8363606e-02 
   214 :  1.4414548e-01  7.8405765e-03 
   215 :  1.0015220e-01  4.7217312e-02 
   216 :  1.0809853e-01  3.9710855e-02 
   217 :  1.3312506e-01  1.6788080e-02 
   218 :  1.2455485e-01  2.4697073e-02 
   219 :  1.1635384e-01  3.2085792e-02 
   220 :  1.5268624e-01  1.2388393e-02 
   221 :  1.0163654e-01  5.6586912e-02 
   222 :  1.6079200e-01  9.9346532e-03 
   223 :  1.3586134e-01 -1.1013871e-02 
   224 :  1.5352605e-01  4.1973933e-03 
   225 :  1.4486957e-01 -1.9206151e-03 
   226 :  1.3665919e-01 -2.0735086e-02 
   227 :  1.2759429e-01 -3.0172943e-02 
   228 :  1.1823900e-01 -3.9185000e-02 
   229 :  1.6609676e-01  1.4865391e-02 
   230 :  1.4366407e-01  1.7945725e-02 
   231 :  1.0998339e-01  4.9086744e-02 
   232 :  1.1821784e-01  4.1567289e-02 
   233 :  1.3485028e-01  2.6535366e-02 
   234 :  1.2659687e-01  3.4009062e-02 
   235 :  1.6032483e-01  1.7588643e-02 
   236 :  1.5280820e-01  2.1003193e-02 
   237 :  1.1124800e-01  5.8842000e-02 
   238 :  1.6873632e-01  8.6104079e-03 
   239 :  1.6276751e-01  3.0394317e-03 
   240 :  1.4535003e-01 -1.1582321e-02 
   241 :  1.5538106e-01 -4.8577339e-03 
   242 :  1.4576171e-01 -2.1316500e-02 
   243 :  1.3842561e-01 -3.0444469e-02 
   244 :  1.2889427e-01 -3.9858869e-02 
   245 :  1.9029058e-01  7.3931566e-03 
   246 :  1.8225867e-01  1.0432473e-02 
   247 :  1.7621398e-01  1.0418907e-02 
   248 :  1.7203480e-01  1.5382601e-02 
   249 :  1.6729691e-01  2.0125314e-02 
   250 :  1.4445709e-01  2.7445412e-02 
   251 :  1.2003200e-01  5.1078122e-02 
   252 :  1.2835024e-01  4.3466914e-02 
   253 :  1.3652442e-01  3.6068373e-02 
   254 :  1.6121015e-01  2.4500089e-02 
   255 :  1.5364599e-01  2.8391140e-02 
   256 :  1.2193647e-01  6.0977028e-02 
   257 :  1.7418107e-01  4.7189050e-03 
   258 :  1.8019848e-01  4.8406688e-03 
   259 :  1.7010025e-01  7.7410033e-04 
   260 :  1.6545141e-01 -4.9447234e-03 
   261 :  1.5378685e-01 -1.4568177e-02 
   262 :  1.6094321e-01 -1.0937971e-02 
   263 :  1.5383538e-01 -2.3303633e-02 
   264 :  1.4785768e-01 -3.0829365e-02 
   265 :  1.3893700e-01 -4.0494000e-02 
   266 :  1.8579162e-01  5.0627761e-03 
   267 :  1.9029058e-01  2.6068434e-03 
   268 :  1.8745410e-01  1.1194473e-02 
   269 :  1.9251489e-01  1.1631227e-02 
   270 :  1.8529268e-01  1.6232090e-02 
   271 :  1.7906940e-01  1.5912013e-02 
   272 :  1.7454889e-01  2.1265866e-02 
   273 :  1.6877148e-01  2.6303601e-02 
   274 :  1.4647508e-01  3.6761350e-02 
   275 :  1.3085617e-01  5.2743981e-02 
   276 :  1.3920886e-01  4.5234452e-02 
   277 :  1.6276863e-01  3.1755064e-02 
   278 :  1.5525509e-01  3.6798970e-02 
   279 :  1.3209400e-01  6.3006000e-02 
   280 :  1.7653795e-01 -7.5432851e-04 
   281 :  1.8243969e-01 -7.4741546e-04 
   282 :  1.7279928e-01 -7.1205677e-03 
   283 :  1.6875445e-01 -1.3817691e-02 
   284 :  1.6098284e-01 -2.0682054e-02 
   285 :  1.6022629e-01 -3.0748055e-02 
   286 :  1.5043961e-01 -4.0989717e-02 
   287 :  1.8745410e-01 -1.1944734e-03 
   288 :  1.9251489e-01 -1.6312266e-03 
   289 :  1.9141914e-01  1.6457822e-02 
   290 :  1.9645395e-01  1.4350162e-02 
   291 :  1.8806786e-01  2.0931712e-02 
   292 :  1.8231464e-01  2.2965002e-02 
   293 :  1.7606123e-01  2.7800539e-02 
   294 :  1.7074306e-01  3.2374732e-02 
   295 :  1.4916366e-01  4.5536625e-02 
   296 :  1.4141570e-01  5.4521540e-02 
   297 :  1.6396420e-01  3.8953019e-02 
   298 :  1.5777347e-01  4.4869446e-02 
   299 :  1.4362781e-01  6.4948509e-02 
   300 :  1.7910163e-01 -7.6032821e-03 
   301 :  1.8497466e-01 -6.7572672e-03 
   302 :  1.7530121e-01 -1.4745210e-02 
   303 :  1.7011491e-01 -2.3551459e-02 
   304 :  1.6900502e-01 -3.3054176e-02 
   305 :  1.6100400e-01 -4.1445000e-02 
   306 :  1.8787081e-01 -1.1055376e-02 
   307 :  1.9139804e-01 -6.3740887e-03 
   308 :  1.9645395e-01 -4.3501624e-03 
   309 :  1.9288258e-01  2.2615028e-02 
   310 :  1.9749773e-01  1.9345501e-02 
   311 :  2.0120537e-01  1.4927089e-02 
   312 :  1.8820076e-01  2.6522621e-02 
   313 :  1.8266851e-01  3.0429478e-02 
   314 :  1.7696737e-01  3.3750037e-02 
   315 :  1.7243281e-01  4.0336361e-02 
   316 :  1.5366722e-01  5.4748541e-02 
   317 :  1.6465974e-01  4.7745921e-02 
   318 :  1.5444900e-01  6.6771000e-02 
   319 :  1.8252326e-01 -1.4097276e-02 
   320 :  1.7945329e-01 -2.2809290e-02 
   321 :  1.7696208e-01 -3.2513853e-02 
   322 :  1.7338307e-01 -4.1768923e-02 
   323 :  1.9311428e-01 -1.2540412e-02 
   324 :  1.8837169e-01 -1.6199753e-02 
   325 :  1.9770159e-01 -8.8852950e-03 
   326 :  2.0120537e-01 -4.9270887e-03 
   327 :  2.0568065e-01 -3.2298387e-03 
   328 :  2.0568065e-01  1.3229839e-02 
   329 :  1.9384788e-01  2.9123761e-02 
   330 :  1.9878722e-01  2.5155637e-02 
   331 :  2.0387154e-01  1.9469493e-02 
   332 :  1.8903020e-01  3.3630391e-02 
   333 :  1.8176776e-01  3.9612859e-02 
   334 :  1.7320637e-01  4.9229474e-02 
   335 :  1.6456033e-01  5.7821603e-02 
   336 :  1.6676490e-01  6.8494076e-02 
   337 :  1.8579290e-01 -2.2122917e-02 
   338 :  1.8546219e-01 -3.1843270e-02 
   339 :  1.8435400e-01 -4.2056000e-02 
   340 :  2.0036097e-01 -1.4143728e-02 
   341 :  1.9458282e-01 -1.9129587e-02 
   342 :  2.0422756e-01 -9.2753691e-03 
   343 :  2.0536854e-01 -1.4495582e-02 
   344 :  2.0926325e-01 -6.4037514e-03 
   345 :  2.0885456e-01  3.5276828e-04 
   346 :  2.1000000e-01  5.0000000e-03 
   347 :  2.0885456e-01  9.6472317e-03 
   348 :  2.1065296e-01  1.5964786e-02 
   349 :  1.9478931e-01  3.5107281e-02 
   350 :  1.9990001e-01  3.1282932e-02 
   351 :  2.0505918e-01  2.5649197e-02 
   352 :  2.0990565e-01  2.2047568e-02 
   353 :  1.9126292e-01  4.1387537e-02 
   354 :  1.8425063e-01  4.9821571e-02 
   355 :  1.7669544e-01  5.8806306e-02 
   356 :  1.7822200e-01  7.0097000e-02 
   357 :  1.9608417e-01 -2.9256978e-02 
   358 :  1.9678107e-01 -4.2202808e-02 
   359 :  2.0679724e-01 -2.0198544e-02 
   360 :  2.0905595e-01 -1.3777635e-02 
   361 :  2.1311079e-01 -1.0295439e-02 
   362 :  2.1333901e-01 -2.9689773e-03 
   363 :  2.1491980e-01  2.2901553e-03 
   364 :  2.1406577e-01  6.6020789e-03 
   365 :  2.1496955e-01  1.1370741e-02 
   366 :  2.1671563e-01  1.5825248e-02 
   367 :  2.1555882e-01  2.0949375e-02 
   368 :  1.9990555e-01  4.0111785e-02 
   369 :  2.0727324e-01  3.3135244e-02 
   370 :  2.1251098e-01  2.6775473e-02 
   371 :  1.9436908e-01  4.9753391e-02 
   372 :  1.8755726e-01  5.9894877e-02 
   373 :  1.9080850e-01  7.1526657e-02 
   374 :  2.0890200e-01 -4.2346000e-02 
   375 :  2.0991197e-01 -3.1421110e-02 
   376 :  2.1496703e-01 -1.9639447e-02 
   377 :  2.1903445e-01 -1.2577535e-02 
   378 :  2.1808435e-01 -6.3554892e-03 
   379 :  2.2067855e-01 -1.6973529e-04 
   380 :  2.1952991e-01  7.5073842e-03 
   381 :  2.1977447e-01  1.3065754e-02 
   382 :  2.2617721e-01  5.7864778e-03 
   383 :  2.2136917e-01  1.8150727e-02 
   384 :  2.0256139e-01  4.9397999e-02 
   385 :  2.2029182e-01  2.5456163e-02 
   386 :  2.1030905e-01  4.1707110e-02 
   387 :  2.1595467e-01  3.3284965e-02 
   388 :  2.0075019e-01  5.9659467e-02 
   389 :  2.0331300e-01  7.2947000e-02 
   390 :  2.2086811e-01 -4.2342735e-02 
   391 :  2.2306610e-01 -3.1177606e-02 
   392 :  2.2427192e-01 -1.9429901e-02 
   393 :  2.2529799e-01 -7.4061079e-03 
   394 :  2.2788824e-01  1.3199867e-04 
   395 :  2.3276593e-01 -1.1125993e-02 
   396 :  2.2628811e-01  1.2474669e-02 
   397 :  2.3237952e-01  6.2829710e-03 
   398 :  2.2893363e-01  2.2019955e-02 
   399 :  2.1191528e-01  5.1505265e-02 
   400 :  2.2447989e-01  3.2202132e-02 
   401 :  2.1989803e-01  4.2354248e-02 
   402 :  2.1465919e-01  6.1751672e-02 
   403 :  2.1596615e-01  7.4074023e-02 
   404 :  2.3455600e-01 -4.2339000e-02 
   405 :  2.3445708e-01 -2.9712353e-02 
   406 :  2.3446503e-01 -1.9023283e-02 
   407 :  2.3497967e-01 -2.6051729e-03 
   408 :  2.3987570e-01 -1.0950226e-02 
   409 :  2.4288492e-01  6.3533400e-03 
   410 :  2.3628616e-01  1.4677331e-02 
   411 :  2.3426012e-01  3.0134854e-02 
   412 :  2.3876886e-01  2.2878750e-02 
   413 :  2.2336924e-01  5.2064140e-02 
   414 :  2.2861459e-01  4.1171412e-02 
   415 :  2.3833790e-01  4.0044196e-02 
   416 :  2.2696367e-01  6.3649084e-02 
   417 :  2.2961800e-01  7.5290000e-02 
   418 :  2.4644930e-01 -3.0025720e-02 
   419 :  2.4718236e-01 -4.2208314e-02 
   420 :  2.4484422e-01 -1.9245660e-02 
   421 :  2.4819406e-01 -5.9739006e-03 
   422 :  2.5278478e-01  2.9284343e-03 
   423 :  2.5160893e-01  1.0336284e-02 
   424 :  2.4669010e-01  1.8513102e-02 
   425 :  2.4413066e-01  2.9966105e-02 
   426 :  2.3795829e-01  5.1394812e-02 
   427 :  2.4913093e-01  4.0870400e-02 
   428 :  2.4084913e-01  6.4159023e-02 
   429 :  2.4279524e-01  7.6161207e-02 
   430 :  2.5789524e-01 -2.9465302e-02 
   431 :  2.6122200e-01 -4.2063000e-02 
   432 :  2.6102785e-01 -1.6734055e-02 
   433 :  2.6168186e-01 -4.0652407e-03 
   434 :  2.6138024e-01  7.9091547e-03 
   435 :  2.5964925e-01  1.7700340e-02 
   436 :  2.5665359e-01  2.9987939e-02 
   437 :  2.5979849e-01  4.1893868e-02 
   438 :  2.5378137e-01  5.3029122e-02 
   439 :  2.5397819e-01  6.5429910e-02 
   440 :  2.5702500e-01  7.7102000e-02 
   441 :  2.7295895e-01 -2.8256287e-02 
   442 :  2.7448789e-01 -4.1815768e-02 
   443 :  2.7422947e-01 -1.4574917e-02 
   444 :  2.7598439e-01 -2.8427635e-05 
   445 :  2.7249883e-01  1.3746732e-02 
   446 :  2.7040363e-01  2.4622098e-02 
   447 :  2.6923228e-01  3.7078950e-02 
   448 :  2.6977275e-01  4.9885254e-02 
   449 :  2.6842406e-01  6.2886830e-02 
   450 :  2.7089892e-01  7.7718173e-02 
   451 :  2.8788852e-01 -2.7884000e-02 
   452 :  2.8880200e-01 -4.1549000e-02 
   453 :  2.8796533e-01 -1.3659968e-02 
   454 :  2.8919223e-01 -1.2204045e-03 
   455 :  2.8677138e-01  1.0472221e-02 
   456 :  2.8368493e-01  2.2628233e-02 
   457 :  2.8251026e-01  3.7112690e-02 
   458 :  2.8299355e-01  5.0818419e-02 
   459 :  2.8458293e-01  6.4179889e-02 
   460 :  2.8541800e-01  7.8363000e-02 
   461 :  3.0250122e-01 -2.6923673e-02 
   462 :  3.0295272e-01 -4.1190697e-02 
   463 :  3.0205252e-01 -1.2566798e-02 
   464 :  3.0115817e-01  6.4017606e-03 
   465 :  2.9810974e-01  2.1305433e-02 
   466 :  2.9773067e-01  3.5438812e-02 
   467 :  2.9739927e-01  4.9194505e-02 
   468 :  2.9910480e-01  6.4219678e-02 
   469 :  3.0004800e-01  7.8713000e-02 
   470 :  3.1641131e-01 -1.2189955e-02 
   471 :  3.1677255e-01 -2.6633903e-02 
   472 :  3.1719800e-01 -4.0830000e-02 
   473 :  3.1655114e-01  2.0246210e-03 
   474 :  3.1448075e-01  1.9267010e-02 
   475 :  3.1223215e-01  3.5591362e-02 
   476 :  3.1190776e-01  5.0741600e-02 
   477 :  3.1441251e-01  6.4431229e-02 
   478 :  3.1467800e-01  7.9063000e-02 
   479 :  3.3098840e-01 -1.1269603e-02 
   480 :  3.3126397e-01 -2.5807367e-02 
   481 :  3.3175050e-01 -4.0385500e-02 
   482 :  3.3176273e-01  3.5035988e-03 
   483 :  3.2982553e-01  1.9355826e-02 
   484 :  3.2892360e-01  3.4723582e-02 
   485 :  3.2702892e-01  4.9620677e-02 
   486 :  3.2931137e-01  6.4293105e-02 
   487 :  3.2967900e-01  7.9130500e-02 
   488 :  3.4554074e-01 -1.0586021e-02 
   489 :  3.4584425e-01 -2.5388942e-02 
   490 :  3.4630300e-01 -3.9941000e-02 
   491 :  3.4581785e-01  3.3414584e-03 
   492 :  3.4475252e-01  1.7083447e-02 
   493 :  3.4519010e-01  3.3400141e-02 
   494 :  3.4384813e-01  4.9377171e-02 
   495 :  3.4457768e-01  6.4197197e-02 
   496 :  3.4468000e-01  7.9198000e-02 
   497 :  3.6020016e-01 -9.7133427e-03 
   498 :  3.6073528e-01 -2.4587372e-02 
   499 :  3.6115800e-01 -3.9429000e-02 
   500 :  3.5964777e-01  5.1556538e-03 
   501 :  3.6013667e-01  1.9991722e-02 
   502 :  3.6112130e-01  3.3899832e-02 
   503 :  3.5939845e-01  4.8877494e-02 
   504 :  3.5970171e-01  6.3858362e-02 
   505 :  3.5998850e-01  7.8983000e-02 
   506 :  3.7510772e-01 -8.9558670e-03 
   507 :  3.7560956e-01 -2.3949961e-02 
   508 :  3.7601300e-01 -3.8917000e-02 
   509 :  3.7657061e-01  7.6121114e-03 
   510 :  3.7425486e-01  2.1904315e-02 
   511 :  3.7564599e-01  3.4502142e-02 
   512 :  3.7473756e-01  4.8322121e-02 
   513 :  3.7506479e-01  6.3473774e-02 
   514 :  3.7529700e-01  7.8768000e-02 
   515 :  3.9009837e-01 -8.0751347e-03 
   516 :  3.9053521e-01 -2.3201786e-02 
   517 :  3.9114100e-01 -3.8354000e-02 
   518 :  3.9481129e-01  5.5302771e-03 
   519 :  3.8932480e-01  1.7728860e-02 
   520 :  3.8936982e-01  3.2173960e-02 
   521 :  3.8993158e-01  4.7580138e-02 
   522 :  3.9044007e-01  6.2943674e-02 
   523 :  3.9082350e-01  7.8277500e-02 
   524 :  4.0521602e-01 -7.3351142e-03 
   525 :  4.0569001e-01 -2.2663604e-02 
   526 :  4.0626900e-01 -3.7791000e-02 
   527 :  4.0758993e-01  4.6606064e-03 
   528 :  4.0570669e-01  1.6122188e-02 
   529 :  4.0454461e-01  3.1439601e-02 
   530 :  4.0522242e-01  4.6839483e-02 
   531 :  4.0582997e-01  6.2272589e-02 
   532 :  4.0635000e-01  7.7787000e-02 
   533 :  4.2044114e-01 -6.4126617e-03 
   534 :  4.2104673e-01 -2.1756922e-02 
   535 :  4.2168400e-01 -3.7152000e-02 
   536 :  4.1976818e-01  8.9459706e-03 
   537 :  4.1820134e-01  2.8427811e-02 
   538 :  4.2047369e-01  4.5988082e-02 
   539 :  4.2131893e-01  6.1549275e-02 
   540 :  4.2195850e-01  7.7072500e-02 
   541 :  4.3581386e-01 -5.6340263e-03 
   542 :  4.3646265e-01 -2.1081061e-02 
   543 :  4.3709900e-01 -3.6513000e-02 
   544 :  4.3651592e-01  1.0088695e-02 
   545 :  4.3497791e-01  2.9647813e-02 
   546 :  4.3599434e-01  4.5166021e-02 
   547 :  4.3684949e-01  6.0716251e-02 
   548 :  4.3756700e-01  7.6358000e-02 
   549 :  4.5121400e-01 -4.7683086e-03 
   550 :  4.5189137e-01 -2.0235256e-02 
   551 :  4.5264300e-01 -3.5791500e-02 
   552 :  4.6667701e-01 -4.0079585e-03 
   553 :  4.5198429e-01  1.0840863e-02 
   554 :  4.5086292e-01  2.7485799e-02 
   555 :  4.5147930e-01  4.4175931e-02 
   556 :  4.5242645e-01  5.9801009e-02 
   557 :  4.5329500e-01  7.5452500e-02 
   558 :  4.8217322e-01 -3.6176873e-03 
   559 :  4.6759687e-01 -1.9586857e-02 
   560 :  4.6818700e-01 -3.5070000e-02 
   561 :  4.8067660e-01  1.0971495e-02 
   562 :  4.6680788e-01  1.2228753e-02 
   563 :  4.6622208e-01  2.7376217e-02 
   564 :  4.9374469e-01  1.1763521e-02 
   565 :  4.6705562e-01  4.3129486e-02 
   566 :  4.6805964e-01  5.8800737e-02 
   567 :  4.6902300e-01  7.4547000e-02 
   568 :  4.9891575e-01 -2.8726080e-03 
   569 :  4.8434346e-01 -1.8890156e-02 
   570 :  4.8380009e-01 -3.4281470e-02 
   571 :  4.8219101e-01  2.5915087e-02 
   572 :  4.8268277e-01  4.2087982e-02 
   573 :  5.0585015e-01  1.0696454e-02 
   574 :  4.9758184e-01  2.4448461e-02 
   575 :  4.8373976e-01  5.7743668e-02 
   576 :  4.8480550e-01  7.3464000e-02 
   577 :  5.1235945e-01 -3.7771916e-03 
   578 :  5.0246385e-01 -1.8318211e-02 
   579 :  4.9941200e-01 -3.3493000e-02 
   580 :  5.1976710e-01  1.0306265e-02 
   581 :  4.9834799e-01  4.1009928e-02 
   582 :  5.1273207e-01  2.4310275e-02 
   583 :  4.9977285e-01  5.6708183e-02 
   584 :  5.0058800e-01  7.2381000e-02 
   585 :  5.3329345e-01  9.8589024e-03 
   586 :  5.4683590e-01  8.0292898e-03 
   587 :  5.5613054e-01  2.8757673e-03 
   588 :  5.2508113e-01 -3.9016078e-03 
   589 :  5.1971141e-01 -1.8128961e-02 
   590 :  5.1568695e-01 -3.2615202e-02 
   591 :  5.7330362e-01  2.7962509e-03 
   592 :  5.7984480e-01  4.0563235e-03 
   593 :  5.8598508e-01  6.2696769e-03 
   594 :  5.7483862e-01  8.8115100e-03 
   595 :  5.5783259e-01  1.3430554e-02 
   596 :  5.2787738e-01  2.4977002e-02 
   597 :  5.1412994e-01  4.0005108e-02 
   598 :  5.4321954e-01  2.3129266e-02 
   599 :  5.1744132e-01  5.5428922e-02 
   600 :  5.1660824e-01  7.1116137e-02 
   601 :  5.9029058e-01  2.6068434e-03 
   602 :  5.8516109e-01  1.6136073e-03 
   603 :  5.8203634e-01 -1.2382618e-03 
   604 :  5.6706603e-01  2.5592472e-03 
   605 :  5.3697962e-01 -3.3868010e-03 
   606 :  5.4970602e-01 -3.3189245e-03 
   607 :  5.5921213e-01 -6.3213297e-03 
   608 :  5.3400478e-01 -1.7552712e-02 
   609 :  5.3065300e-01 -3.1808000e-02 
   610 :  5.7494532e-01 -2.7496253e-03 
   611 :  5.8279056e-01  1.1469097e-02 
   612 :  5.8765914e-01  1.0362845e-02 
   613 :  5.9029058e-01  7.3931566e-03 
   614 :  5.7729085e-01  1.6203550e-02 
   615 :  5.6859977e-01  1.6952942e-02 
   616 :  5.5818343e-01  2.6364618e-02 
   617 :  5.3126934e-01  3.9817100e-02 
   618 :  5.4601014e-01  3.8486036e-02 
   619 :  5.3215373e-01  5.4655769e-02 
   620 :  5.3213800e-01  6.9890000e-02 
   621 :  5.9251489e-01 -1.6312266e-03 
   622 :  5.8733574e-01 -3.1045114e-03 
   623 :  5.8206968e-01 -5.7800108e-03 
   624 :  5.6897738e-01 -8.6775852e-03 
   625 :  5.5036336e-01 -1.6352626e-02 
   626 :  5.6284725e-01 -1.5944801e-02 
   627 :  5.4735247e-01 -3.0861360e-02 
   628 :  5.7780544e-01 -1.0172298e-02 
   629 :  5.8352646e-01  1.8120172e-02 
   630 :  5.8817725e-01  1.4264850e-02 
   631 :  5.9251489e-01  1.1631227e-02 
   632 :  5.8716924e-01  2.4174210e-02 
   633 :  5.7751170e-01  2.4982476e-02 
   634 :  5.6749691e-01  2.8990971e-02 
   635 :  5.6015309e-01  3.9315856e-02 
   636 :  5.4734146e-01  5.3226814e-02 
   637 :  5.4857531e-01  6.8431383e-02 
   638 :  5.9227392e-01 -6.8429693e-03 
   639 :  5.9645395e-01 -4.3501624e-03 
   640 :  5.8611453e-01 -1.0479930e-02 
   641 :  5.9295856e-01 -1.2187288e-02 
   642 :  5.7198814e-01 -1.9436704e-02 
   643 :  5.6178900e-01 -3.0043000e-02 
   644 :  5.8108337e-01 -1.7380077e-02 
   645 :  5.9111440e-01  1.7695840e-02 
   646 :  5.9645395e-01  1.4350162e-02 
   647 :  5.8429734e-01  3.2142125e-02 
   648 :  5.9334989e-01  2.2713380e-02 
   649 :  5.9280434e-01  2.8664054e-02 
   650 :  5.7420129e-01  3.8293361e-02 
   651 :  5.6417961e-01  5.2432357e-02 
   652 :  5.6354500e-01  6.7103000e-02 
   653 :  5.9731702e-01 -9.3978301e-03 
   654 :  6.0120537e-01 -4.9270887e-03 
   655 :  6.0568065e-01 -3.2298387e-03 
   656 :  5.9635271e-01 -1.6270426e-02 
   657 :  5.8900552e-01 -1.8543921e-02 
   658 :  5.7928495e-01 -2.9012228e-02 
   659 :  5.9753334e-01  1.8799441e-02 
   660 :  6.0120537e-01  1.4927089e-02 
   661 :  6.0885456e-01  3.5276828e-04 
   662 :  6.1000000e-01  5.0000000e-03 
   663 :  6.0568065e-01  1.3229839e-02 
   664 :  6.0885456e-01  9.6472317e-03 
   665 :  5.8461194e-01  4.1126848e-02 
   666 :  5.9205460e-01  3.6541067e-02 
   667 :  5.9871022e-01  2.4379853e-02 
   668 :  5.9969844e-01  3.1954309e-02 
   669 :  5.7984191e-01  5.1589000e-02 
   670 :  5.8003796e-01  6.5488078e-02 
   671 :  6.0354989e-01 -1.0017611e-02 
   672 :  6.0886232e-01 -6.6742014e-03 
   673 :  6.0258730e-01 -1.9253909e-02 
   674 :  5.9269800e-01 -2.8222000e-02 
   675 :  6.1371799e-01 -9.6223383e-03 
   676 :  6.1332688e-01 -3.0053828e-03 
   677 :  6.1877856e-01 -6.9095042e-03 
   678 :  6.0385569e-01  1.9277021e-02 
   679 :  6.1491980e-01  2.2901553e-03 
   680 :  6.1406605e-01  6.6028350e-03 
   681 :  6.0954175e-01  1.5792116e-02 
   682 :  6.1379921e-01  1.1083838e-02 
   683 :  5.9266454e-01  4.7068687e-02 
   684 :  6.0012975e-01  3.9856556e-02 
   685 :  6.0565804e-01  2.6478599e-02 
   686 :  6.0716025e-01  3.4698404e-02 
   687 :  5.9468400e-01  6.4054000e-02 
   688 :  6.1090170e-01 -1.5373617e-02 
   689 :  6.0707589e-01 -2.7349757e-02 
   690 :  6.2041815e-01 -1.3474398e-02 
   691 :  6.2472016e-01 -8.1715886e-03 
   692 :  6.2120828e-01 -1.0776706e-04 
   693 :  6.1162166e-01  2.1184493e-02 
   694 :  6.1987547e-01  7.3079320e-03 
   695 :  6.1724031e-01  1.5277474e-02 
   696 :  6.0683338e-01  4.7442565e-02 
   697 :  6.1420213e-01  2.8681040e-02 
   698 :  6.1626707e-01  3.7512843e-02 
   699 :  6.0985329e-01  6.2436278e-02 
   700 :  6.2325900e-01 -2.6368000e-02 
   701 :  6.2985111e-01 -1.5292270e-02 
   702 :  6.3234205e-01 -4.7419108e-03 
   703 :  6.3021180e-01  4.3509931e-03 
   704 :  6.2198007e-01  2.2616469e-02 
   705 :  6.2741216e-01  1.3707178e-02 
   706 :  6.2292548e-01  4.6211532e-02 
   707 :  6.2633247e-01  3.3927422e-02 
   708 :  6.2543100e-01  6.0775000e-02 
   709 :  6.3670211e-01 -2.5533529e-02 
   710 :  6.4116388e-01 -1.3298148e-02 
   711 :  6.4037468e-01 -8.9823608e-04 
   712 :  6.3957642e-01  9.8808890e-03 
   713 :  6.3595833e-01  2.2729381e-02 
   714 :  6.3515923e-01  4.7567368e-02 
   715 :  6.3783577e-01  3.4842254e-02 
   716 :  6.3970134e-01  5.9135757e-02 
   717 :  6.5335200e-01 -2.4500000e-02 
   718 :  6.5247506e-01 -1.0557952e-02 
   719 :  6.5089004e-01  3.1507054e-03 
   720 :  6.5332585e-01  1.6436121e-02 
   721 :  6.4998150e-01  3.1120302e-02 
   722 :  6.4708386e-01  4.5294988e-02 
   723 :  6.5566500e-01  5.7302000e-02 
   724 :  6.6729381e-01 -2.3619246e-02 
   725 :  6.6832749e-01 -9.8404992e-03 
   726 :  6.6346045e-01  3.2629416e-03 
   727 :  6.6768751e-01  1.6051417e-02 
   728 :  6.6572669e-01  2.8857213e-02 
   729 :  6.6134852e-01  4.3065509e-02 
   730 :  6.6985324e-01  5.5561124e-02 
   731 :  6.8285800e-01 -2.2636000e-02 
   732 :  6.8197043e-01 -8.7318804e-03 
   733 :  6.8012795e-01  6.1013105e-03 
   734 :  6.8053060e-01  2.4981179e-02 
   735 :  6.7871590e-01  4.0488373e-02 
   736 :  6.8526600e-01  5.3670000e-02 
   737 :  6.9676192e-01 -2.1745373e-02 
   738 :  6.9584481e-01 -7.8107429e-03 
   739 :  6.9485698e-01  6.2256901e-03 
   740 :  6.9495357e-01  2.0480002e-02 
   741 :  6.9632930e-01  3.7900126e-02 
   742 :  6.9960169e-01  5.1803324e-02 
   743 :  7.0973633e-01 -6.9926546e-03 
   744 :  7.1166100e-01 -2.0791000e-02 
   745 :  7.0888522e-01  7.0157603e-03 
   746 :  7.2565300e-01 -1.9885000e-02 
   747 :  7.1034942e-01  2.1945431e-02 
   748 :  7.1228184e-01  3.7132465e-02 
   749 :  7.1411900e-01  4.9913000e-02 
   750 :  7.3964500e-01 -1.8979000e-02 
   751 :  7.2473668e-01 -5.8921991e-03 
   752 :  7.2250696e-01  9.2931078e-03 
   753 :  7.2443579e-01  2.0050695e-02 
   754 :  7.3873068e-01 -4.9943820e-03 
   755 :  7.2620712e-01  3.4004962e-02 
   756 :  7.2811400e-01  4.7991000e-02 
   757 :  7.5275361e-01 -4.9772814e-03 
   758 :  7.5362287e-01 -1.8066086e-02 
   759 :  7.6670000e-01 -1.7212000e-02 
   760 :  7.3782761e-01  9.0046227e-03 
   761 :  7.3765959e-01  2.0160947e-02 
   762 :  7.5184602e-01  7.1411799e-03 
   763 :  7.4062291e-01  3.2509033e-02 
   764 :  7.4210900e-01  4.6069000e-02 
   765 :  7.8034847e-01 -1.6313329e-02 
   766 :  7.9271600e-01 -1.5499000e-02 
   767 :  7.6645374e-01 -4.2837436e-03 
   768 :  7.5104482e-01  1.7960018e-02 
   769 :  7.6438758e-01  9.2118821e-03 
   770 :  7.5531468e-01  3.0473541e-02 
   771 :  7.5604072e-01  4.4059528e-02 
   772 :  8.0635578e-01 -1.4594214e-02 
   773 :  7.8453907e-01 -3.9943042e-03 
   774 :  7.9488618e-01 -4.5507019e-03 
   775 :  8.0565211e-01 -4.0017244e-03 
   776 :  7.7840064e-01  9.9230315e-03 
   777 :  7.6651762e-01  1.9106989e-02 
   778 :  7.6815242e-01  2.9379125e-02 
   779 :  7.6912700e-01  4.2172000e-02 
   780 :  8.1759000e-01 -1.3849000e-02 
   781 :  8.1625572e-01 -3.2863744e-03 
   782 :  8.2270878e-01  1.4235989e-03 
   783 :  7.9384505e-01  6.8533412e-03 
   784 :  8.0520826e-01  5.1042530e-03 
   785 :  7.9131042e-01  1.6467333e-02 
   786 :  7.8175101e-01  2.6099722e-02 
   787 :  7.8269366e-01  4.0126176e-02 
   788 :  8.2536949e-01 -5.7457288e-03 
   789 :  8.3547201e-01  2.3322280e-03 
   790 :  8.2764407e-01 -1.3177651e-02 
   791 :  8.3147089e-01  1.6738980e-03 
   792 :  8.3586010e-01  6.6754864e-03 
   793 :  8.1509734e-01  6.8552054e-03 
   794 :  8.2434723e-01  8.8024796e-03 
   795 :  8.0505978e-01  1.3736123e-02 
   796 :  7.9662494e-01  2.6090199e-02 
   797 :  7.9506900e-01  3.8260000e-02 
   798 :  8.4029058e-01  2.6068434e-03 
   799 :  8.3356885e-01 -6.2823198e-03 
   800 :  8.3745410e-01 -1.1944734e-03 
   801 :  8.3527666e-01 -1.2667993e-02 
   802 :  8.3773031e-01  1.0219311e-02 
   803 :  8.4029058e-01  7.3931566e-03 
   804 :  8.3233679e-01  1.0869101e-02 
   805 :  8.1700428e-01  1.5351153e-02 
   806 :  8.2686525e-01  1.6174305e-02 
   807 :  8.1003245e-01  2.4340884e-02 
   808 :  8.0846669e-01  3.6154997e-02 
   809 :  8.4251489e-01 -1.6312266e-03 
   810 :  8.4068396e-01 -6.4860529e-03 
   811 :  8.4122200e-01 -1.2271000e-02 
   812 :  8.3817725e-01  1.4264850e-02 
   813 :  8.4251489e-01  1.1631227e-02 
   814 :  8.3508463e-01  1.7650743e-02 
   815 :  8.2096509e-01  2.3270433e-02 
   816 :  8.3105025e-01  2.2751024e-02 
   817 :  8.1983400e-01  3.4369000e-02 
   818 :  8.4645395e-01 -4.3501624e-03 
   819 :  8.4643547e-01 -8.5763961e-03 
   820 :  8.4687456e-01 -1.1890410e-02 
   821 :  8.4180873e-01  1.6651869e-02 
   822 :  8.4645395e-01  1.4350162e-02 
   823 :  8.3975368e-01  2.3609040e-02 
   824 :  8.3331909e-01  3.2169227e-02 
   825 :  8.5120537e-01 -4.9270887e-03 
   826 :  8.5217300e-01 -1.1533663e-02 
   827 :  8.5568065e-01 -3.2298387e-03 
   828 :  8.4717815e-01  1.9682179e-02 
   829 :  8.5120537e-01  1.4927089e-02 
   830 :  8.5049018e-01  2.3937347e-02 
   831 :  8.4598725e-01  2.5767133e-02 
   832 :  8.4332500e-01  3.0537000e-02 
   833 :  8.5697951e-01 -5.5816446e-03 
   834 :  8.5755445e-01 -1.1171327e-02 
   835 :  8.5885456e-01  3.5276828e-04 
   836 :  8.5568065e-01  1.3229839e-02 
   837 :  8.5430773e-01  1.9386226e-02 
   838 :  8.5458423e-01  2.4627261e-02 
   839 :  8.5081034e-01  2.9272587e-02 
   840 :  8.6287365e-01 -5.5567454e-03 
   841 :  8.6351500e-01 -1.0770000e-02 
   842 :  8.6000000e-01  5.0000000e-03 
   843 :  8.6380384e-01  7.1497556e-04 
   844 :  8.5885456e-01  9.6472317e-03 
   845 :  8.5928962e-01  1.6178092e-02 
   846 :  8.5943590e-01  2.2461253e-02 
   847 :  8.5787702e-01  2.8078893e-02 
   848 :  8.6798372e-01 -3.9521877e-03 
   849 :  8.6895416e-01 -1.0401376e-02 
   850 :  8.6464723e-01  6.1454397e-03 
   851 :  8.6971023e-01  1.8571039e-03 
   852 :  8.6479998e-01  1.2029474e-02 
   853 :  8.6526153e-01  1.9088462e-02 
   854 :  8.6545400e-01  2.6799000e-02 
   855 :  8.7359788e-01 -3.6018019e-03 
   856 :  8.7577397e-01 -9.9391823e-03 
   857 :  8.7569489e-01  2.7018223e-03 
   858 :  8.7253381e-01  9.1343754e-03 
   859 :  8.7437297e-01  1.6927399e-02 
   860 :  8.7442272e-01  2.5234679e-02 
   861 :  8.8437900e-01 -9.3560000e-03 
   862 :  8.8279767e-01 -1.8932065e-03 
   863 :  8.8122834e-01  5.6741603e-03 
   864 :  8.8415520e-01  1.3743765e-02 
   865 :  8.8613400e-01  2.3192000e-02 
   866 :  8.9070726e-01 -2.1934590e-03 
   867 :  8.9328934e-01 -8.7468129e-03 
   868 :  8.9096015e-01  4.6840453e-03 
   869 :  8.9294595e-01  1.3359992e-02 
   870 :  8.9503979e-01  2.1592464e-02 
   871 :  8.9920452e-01 -2.3933319e-06 
   872 :  9.0373000e-01 -8.0330000e-03 
   873 :  9.0278982e-01  1.0986576e-02 
   874 :  9.0528700e-01  1.9752000e-02 
   875 :  9.0926756e-01  1.0116097e-03 
   876 :  9.1225375e-01 -7.4454535e-03 
   877 :  9.1510568e-01  9.4041821e-03 
   878 :  9.1373011e-01  1.8194590e-02 
   879 :  9.1922887e-01  1.0471641e-03 
   880 :  9.2148700e-01 -6.8090000e-03 
   881 :  9.2277671e-01  8.6711534e-03 
   882 :  9.2284100e-01  1.6514000e-02 
   883 :  9.2689734e-01  9.6286791e-04 
   884 :  9.2933337e-01 -6.2638693e-03 
   885 :  9.3100878e-01  7.5243910e-03 
   886 :  9.3059089e-01  1.5049492e-02 
   887 :  9.3448194e-01  8.3092918e-04 
   888 :  9.3823954e-01  5.7167316e-03 
   889 :  9.3757900e-01 -5.6910000e-03 
   890 :  9.3872700e-01  1.3512000e-02 
   891 :  9.4353500e-01  6.9017593e-03 
   892 :  9.4397731e-01  1.5332939e-03 
   893 :  9.4463093e-01 -5.1969721e-03 
   894 :  9.4568213e-01  1.2169204e-02 
   895 :  9.4960119e-01  5.3458902e-03 
   896 :  9.4997090e-01  3.0133782e-04 
   897 :  9.5193900e-01 -4.6850000e-03 
   898 :  9.5288800e-01  1.0778000e-02 
   899 :  9.5583084e-01  2.3893428e-03 
   900 :  9.5820314e-01 -4.2429019e-03 
   901 :  9.5906314e-01  9.5630225e-03 
   902 :  9.6355185e-01  1.9189119e-03 
   903 :  9.6450700e-01 -3.7980000e-03 
   904 :  9.6526900e-01  8.3420000e-03 
   905 :  9.6898874e-01  1.6789096e-03 
   906 :  9.6986950e-01 -3.4165000e-03 
   907 :  9.7054700e-01  7.2865000e-03 
   908 :  9.7411417e-01  1.7215098e-03 
   909 :  9.7523200e-01 -3.0350000e-03 
   910 :  9.7965050e-01 -2.7185000e-03 
   911 :  9.7582500e-01  6.2310000e-03 
   912 :  9.7987447e-01  1.2324199e-03 
   913 :  9.8406900e-01 -2.4020000e-03 
   914 :  9.8017000e-01  5.3500000e-03 
   915 :  9.8752450e-01 -2.1530000e-03 
   916 :  9.8382078e-01  1.0726355e-03 
   917 :  9.8451500e-01  4.4690000e-03 
   918 :  9.9098000e-01 -1.9040000e-03 
   919 :  9.8890399e-01  7.3027644e-04 
   920 :  9.8791100e-01  3.7730000e-03 
   921 :  9.9345900e-01 -1.7250000e-03 
   922 :  9.9188066e-01  5.1602312e-04 
   923 :  9.9130700e-01  3.0770000e-03 
   924 :  9.9385546e-01  3.4025031e-04 
   925 :  9.9593800e-01 -1.5460000e-03 
   926 :  9.9374200e-01  2.5735000e-03 
   927 :  9.9742900e-01 -1.4380000e-03 
   928 :  9.9771837e-01 -7.0834593e-04 
   929 :  9.9587290e-01  6.0541652e-04 
   930 :  9.9709009e-01  8.9433316e-05 
   931 :  9.9617700e-01  2.0700000e-03 
   932 :  9.9892000e-01 -1.3300000e-03 
   933 :  9.9865867e-01 -4.1610750e-04 
   934 :  9.9941800e-01 -1.2935000e-03 
   935 :  9.9827447e-01  3.9059862e-04 
   936 :  9.9764150e-01  1.7655000e-03 
   937 :  9.9933359e-01 -7.1604296e-04 
   938 :  9.9903881e-01  3.6462077e-04 
   939 :  9.9991600e-01 -1.2570000e-03 
   940 :  9.9910600e-01  1.4610000e-03 
   941 :  9.9948592e-01  8.4391805e-04 
   942 :  1.0000000e+00 -1.7347235e-18 
   943 :  9.9959500e-01  1.3590000e-03 
   944 :  1.0000840e+00  1.2570000e-03 
Number of edges 246 
     0 :    346    347 
     1 :    347    328 
     2 :    328    311 
     3 :    311    290 
     4 :    290    269 
     5 :    269    245 
     6 :    245    267 
     7 :    267    288 
     8 :    288    308 
     9 :    308    326 
    10 :    326    327 
    11 :    327    345 
    12 :    345    346 
    13 :    662    664 
    14 :    664    663 
    15 :    663    660 
    16 :    660    646 
    17 :    646    631 
    18 :    631    613 
    19 :    613    601 
    20 :    601    621 
    21 :    621    639 
    22 :    639    654 
    23 :    654    655 
    24 :    655    661 
    25 :    661    662 
    26 :    842    844 
    27 :    844    836 
    28 :    836    829 
    29 :    829    822 
    30 :    822    813 
    31 :    813    803 
    32 :    803    798 
    33 :    798    809 
    34 :    809    818 
    35 :    818    825 
    36 :    825    827 
    37 :    827    835 
    38 :    835    842 
    39 :    944    943 
    40 :    943    940 
    41 :    939    942 
    42 :    942    944 
    43 :    940    936 
    44 :    936    931 
    45 :    932    934 
    46 :    934    939 
    47 :    931    926 
    48 :    926    923 
    49 :    925    927 
    50 :    927    932 
    51 :    923    920 
    52 :    920    917 
    53 :    918    921 
    54 :    921    925 
    55 :    917    914 
    56 :    914    911 
    57 :    913    915 
    58 :    915    918 
    59 :    911    907 
    60 :    907    904 
    61 :    909    910 
    62 :    910    913 
    63 :    904    901 
    64 :    901    898 
    65 :    903    906 
    66 :    906    909 
    67 :    898    894 
    68 :    894    890 
    69 :    897    900 
    70 :    900    903 
    71 :    890    886 
    72 :    886    882 
    73 :    889    893 
    74 :    893    897 
    75 :    882    878 
    76 :    878    874 
    77 :    880    884 
    78 :    884    889 
    79 :    874    870 
    80 :    870    865 
    81 :    872    876 
    82 :    876    880 
    83 :    865    860 
    84 :    860    854 
    85 :    861    867 
    86 :    867    872 
    87 :    854    847 
    88 :    847    839 
    89 :    839    832 
    90 :    841    849 
    91 :    849    856 
    92 :    856    861 
    93 :    832    824 
    94 :    824    817 
    95 :    811    820 
    96 :    820    826 
    97 :    826    834 
    98 :    834    841 
    99 :    817    808 
   100 :    808    797 
   101 :    780    790 
   102 :    790    801 
   103 :    801    811 
   104 :    797    787 
   105 :    787    779 
   106 :    766    772 
   107 :    772    780 
   108 :    779    771 
   109 :    771    764 
   110 :    759    765 
   111 :    765    766 
   112 :    764    756 
   113 :    756    749 
   114 :    750    758 
   115 :    758    759 
   116 :    749    742 
   117 :    742    736 
   118 :    744    746 
   119 :    746    750 
   120 :    736    730 
   121 :    730    723 
   122 :    731    737 
   123 :    737    744 
   124 :    723    716 
   125 :    716    708 
   126 :    717    724 
   127 :    724    731 
   128 :    708    699 
   129 :    699    687 
   130 :    700    709 
   131 :    709    717 
   132 :    687    670 
   133 :    670    652 
   134 :    674    689 
   135 :    689    700 
   136 :    652    637 
   137 :    637    620 
   138 :    643    658 
   139 :    658    674 
   140 :    620    600 
   141 :    600    584 
   142 :    609    627 
   143 :    627    643 
   144 :    584    576 
   145 :    576    567 
   146 :    579    590 
   147 :    590    609 
   148 :    567    557 
   149 :    557    548 
   150 :    560    570 
   151 :    570    579 
   152 :    548    540 
   153 :    540    532 
   154 :    543    551 
   155 :    551    560 
   156 :    532    523 
   157 :    523    514 
   158 :    526    535 
   159 :    535    543 
   160 :    514    505 
   161 :    505    496 
   162 :    508    517 
   163 :    517    526 
   164 :    496    487 
   165 :    487    478 
   166 :    490    499 
   167 :    499    508 
   168 :    478    469 
   169 :    469    460 
   170 :    472    481 
   171 :    481    490 
   172 :    460    450 
   173 :    450    440 
   174 :    452    462 
   175 :    462    472 
   176 :    440    429 
   177 :    429    417 
   178 :    431    442 
   179 :    442    452 
   180 :    417    403 
   181 :    403    389 
   182 :    404    419 
   183 :    419    431 
   184 :    389    373 
   185 :    373    356 
   186 :    374    390 
   187 :    390    404 
   188 :    356    336 
   189 :    336    318 
   190 :    339    358 
   191 :    358    374 
   192 :    318    299 
   193 :    299    279 
   194 :    305    322 
   195 :    322    339 
   196 :    279    256 
   197 :    256    237 
   198 :    265    286 
   199 :    286    305 
   200 :    237    221 
   201 :    221    208 
   202 :    228    244 
   203 :    244    265 
   204 :    208    196 
   205 :    196    184 
   206 :    201    213 
   207 :    213    228 
   208 :    184    172 
   209 :    172    159 
   210 :    177    189 
   211 :    189    201 
   212 :    159    147 
   213 :    147    135 
   214 :    151    164 
   215 :    164    177 
   216 :    135    123 
   217 :    123    110 
   218 :    127    139 
   219 :    139    151 
   220 :    110     98 
   221 :     98     86 
   222 :    102    114 
   223 :    114    127 
   224 :     86     74 
   225 :     74     62 
   226 :     78     90 
   227 :     90    102 
   228 :     62     50 
   229 :     50     38 
   230 :     54     66 
   231 :     66     78 
   232 :     38     32 
   233 :     32     25 
   234 :     31     42 
   235 :     42     54 
   236 :     25     16 
   237 :     16      8 
   238 :     13     22 
   239 :     22     31 
   240 :      8      7 
   241 :      7      2 
   242 :      0      5 
   243 :      5     13 
   244 :      2      1 
   245 :      1      0 
Number of triangles 1648 
     0 :    217    214    230
     1 :    432    420    430
     2 :     20     19     11
     3 :    465    455    464
     4 :    217    204    214
     5 :    536    545    537
     6 :    936    935    940
     7 :    405    392    391
     8 :    942    937    939
     9 :    840    843    835
    10 :    136    144    132
    11 :    354    333    353
    12 :    465    464    474
    13 :    262    260    241
    14 :    648    632    645
    15 :    414    411    415
    16 :    700    688    689
    17 :    357    341    337
    18 :    144    134    132
    19 :    359    376    360
    20 :     15     14     23
    21 :    107     95     96
    22 :    281    300    301
    23 :    925    928    930
    24 :    289    270    268
    25 :    622    640    638
    26 :    686    668    685
    27 :    327    342    344
    28 :    655    671    672
    29 :    901    899    902
    30 :    376    377    361
    31 :    685    697    686
    32 :    474    464    473
    33 :    712    720    713
    34 :     27     37     26
    35 :    858    863    864
    36 :    426    427    438
    37 :    926    929    931
    38 :    669    665    683
    39 :    413    426    416
    40 :    673    656    674
    41 :    616    615    634
    42 :    358    375    357
    43 :    280    300    281
    44 :    473    483    474
    45 :    821    828    823
    46 :    658    642    643
    47 :    328    348    331
    48 :    663    681    678
    49 :    765    773    767
    50 :    428    426    438
    51 :    645    632    629
    52 :    826    833    825
    53 :    850    858    852
    54 :    702    703    692
    55 :    651    635    650
    56 :    714    715    722
    57 :    598    595    616
    58 :    869    868    873
    59 :    825    819    826
    60 :     20     28     19
    61 :    773    776    767
    62 :    804    794    791
    63 :    210    204    198
    64 :    121    119    122
    65 :    814    806    804
    66 :    692    691    702
    67 :    347    365    348
    68 :    844    852    845
    69 :    664    682    681
    70 :     73     83     85
    71 :     20     11     21
    72 :    850    851    858
    73 :    315    294    314
    74 :    324    319    337
    75 :    287    301    307
    76 :    107    119    109
    77 :    209    210    198
    78 :    148    144    136
    79 :    840    833    834
    80 :    898    899    901
    81 :    632    633    629
    82 :    544    545    536
    83 :    807    805    815
    84 :    137    148    136
    85 :    857    863    858
    86 :    650    633    647
    87 :    372    371    388
    88 :    416    426    428
    89 :    386    369    387
    90 :    927    928    925
    91 :    653    638    641
    92 :    871    875    873
    93 :    713    704    705
    94 :    935    938    940
    95 :    898    895    899
    96 :    368    369    386
    97 :     21     11     12
    98 :     44     56     55
    99 :    554    545    544
   100 :    430    420    418
   101 :    315    314    333
   102 :    424    410    409
   103 :    829    837    828
   104 :     44     45     56
   105 :    438    437    448
   106 :    940    938    941
   107 :    398    400    385
   108 :    721    720    728
   109 :    435    434    445
   110 :    785    776    783
   111 :    853    852    859
   112 :    817    815    824
   113 :    932    928    927
   114 :    615    595    604
   115 :    636    635    651
   116 :    424    412    410
   117 :    627    625    608
   118 :    616    595    615
   119 :    717    710    709
   120 :    622    623    640
   121 :    783    776    773
   122 :    439    438    449
   123 :    706    707    714
   124 :     83     95     85
   125 :    122    119    132
   126 :    712    705    703
   127 :    697    704    707
   128 :    634    633    650
   129 :    645    629    630
   130 :    716    714    722
   131 :    392    393    377
   132 :    688    673    689
   133 :    699    696    706
   134 :    409    410    397
   135 :    625    605    608
   136 :    729    728    735
   137 :    375    376    359
   138 :    337    319    320
   139 :    335    334    355
   140 :     19     28     27
   141 :    733    739    740
   142 :    740    739    745
   143 :    729    721    728
   144 :    690    688    700
   145 :    817    807    815
   146 :    937    938    933
   147 :    267    266    287
   148 :    590    589    578
   149 :    392    377    376
   150 :    730    729    735
   151 :    334    333    354
   152 :    589    577    578
   153 :    586    595    598
   154 :    421    408    420
   155 :    641    657    656
   156 :    247    238    257
   157 :    714    707    715
   158 :    902    905    904
   159 :     48     47     36
   160 :    264    242    243
   161 :    656    657    674
   162 :    383    398    385
   163 :    438    448    449
   164 :    647    665    650
   165 :    248    238    247
   166 :    824    823    832
   167 :     71     83     73
   168 :    182    181    194
   169 :    922    924    926
   170 :    405    391    404
   171 :    908    912    911
   172 :    811    819    810
   173 :    671    688    672
   174 :    936    930    935
   175 :    132    134    122
   176 :    262    241    261
   177 :    400    414    401
   178 :    417    416    428
   179 :    872    875    871
   180 :    842    843    850
   181 :    689    673    674
   182 :    236    235    254
   183 :     62     55     67
   184 :    899    895    896
   185 :     56     45     57
   186 :    921    924    922
   187 :    909    912    908
   188 :    802    812    804
   189 :    612    630    611
   190 :    440    439    449
   191 :     45     46     57
   192 :    265    264    243
   193 :    465    474    475
   194 :    626    607    625
   195 :    696    684    686
   196 :    316    298    317
   197 :    788    782    781
   198 :    933    928    932
   199 :    482    483    473
   200 :    687    669    683
   201 :    824    816    823
   202 :    854    846    853
   203 :    820    819    811
   204 :    350    369    368
   205 :    686    698    696
   206 :    872    871    867
   207 :    816    806    814
   208 :    322    304    305
   209 :    809    810    818
   210 :    652    636    651
   211 :    398    411    400
   212 :    278    277    297
   213 :     14     17     23
   214 :    199    209    197
   215 :    870    869    873
   216 :    368    349    350
   217 :    342    360    344
   218 :     33     35     44
   219 :    286    264    265
   220 :    828    831    823
   221 :    598    585    586
   222 :    433    422    421
   223 :    348    352    331
   224 :    209    198    197
   225 :    870    873    874
   226 :     55     56     67
   227 :    790    788    780
   228 :    711    712    703
   229 :    239    222    224
   230 :     59     61     49
   231 :    236    254    255
   232 :    828    837    830
   233 :    404    391    390
   234 :    929    924    925
   235 :    596    585    598
   236 :    392    376    391
   237 :    388    399    402
   238 :    916    919    920
   239 :    700    701    690
   240 :     39     28     29
   241 :    681    693    678
   242 :    410    412    398
   243 :    373    372    388
   244 :    915    919    916
   245 :    810    819    818
   246 :    705    704    695
   247 :    316    317    335
   248 :     28     36     27
   249 :    348    367    352
   250 :    783    795    785
   251 :    925    924    921
   252 :    823    831    832
   253 :    827    833    835
   254 :     50     55     62
   255 :    725    733    726
   256 :    629    633    614
   257 :    733    727    726
   258 :    810    799    801
   259 :    409    423    424
   260 :    544    553    554
   261 :    652    651    670
   262 :    785    795    796
   263 :     21     12     22
   264 :    418    420    405
   265 :    230    220    236
   266 :    683    696    687
   267 :    296    295    316
   268 :    747    740    745
   269 :    933    938    935
   270 :    683    684    696
   271 :    611    592    593
   272 :    336    335    355
   273 :    334    354    355
   274 :    848    851    843
   275 :    907    905    908
   276 :    374    375    358
   277 :    366    367    348
   278 :    914    916    917
   279 :    241    239    224
   280 :    300    319    301
   281 :      9     17     14
   282 :    268    246    266
   283 :     58     61     70
   284 :    268    266    245
   285 :    854    853    860
   286 :    362    378    379
   287 :    926    924    929
   288 :     29     28     20
   289 :     70     61     73
   290 :    270    292    271
   291 :    278    297    298
   292 :    801    799    790
   293 :    198    186    197
   294 :    693    704    697
   295 :    901    902    904
   296 :    399    386    401
   297 :    255    254    277
   298 :    649    632    648
   299 :    266    281    287
   300 :    596    598    617
   301 :    780    788    781
   302 :    365    366    348
   303 :    198    192    186
   304 :    682    695    681
   305 :    845    852    853
   306 :    875    877    873
   307 :     38     43     50
   308 :    388    371    384
   309 :    197    185    187
   310 :    695    704    693
   311 :     22     12     13
   312 :    553    563    554
   313 :    192    204    205
   314 :    420    408    406
   315 :    725    726    718
   316 :    432    433    421
   317 :    475    474    484
   318 :    724    725    718
   319 :    198    204    192
   320 :    772    774    766
   321 :    716    722    723
   322 :    197    186    185
   323 :    482    492    483
   324 :     57     58     69
   325 :    446    435    445
   326 :     84     95     83
   327 :    880    883    879
   328 :    706    714    708
   329 :    862    855    856
   330 :    433    434    422
   331 :    635    616    634
   332 :    401    414    413
   333 :    873    877    878
   334 :    879    877    875
   335 :     23     33     24
   336 :    786    785    796
   337 :    476    475    485
   338 :    485    475    484
   339 :    848    843    840
   340 :    391    376    375
   341 :    354    371    372
   342 :    694    705    695
   343 :    699    706    708
   344 :    415    411    425
   345 :    797    786    796
   346 :    214    220    230
   347 :    358    338    339
   348 :    879    883    881
   349 :    880    879    876
   350 :    384    368    386
   351 :    651    650    669
   352 :    676    692    679
   353 :     44     55     43
   354 :    741    747    748
   355 :    816    814    823
   356 :    741    740    747
   357 :    264    263    242
   358 :    425    424    436
   359 :    804    812    814
   360 :    441    432    430
   361 :    200    199    187
   362 :    627    608    609
   363 :    187    175    188
   364 :    355    354    372
   365 :    304    303    285
   366 :    187    185    175
   367 :    341    324    337
   368 :    242    240    226
   369 :    871    868    866
   370 :    782    793    781
   371 :    711    702    710
   372 :    742    741    748
   373 :    199    197    187
   374 :    420    406    405
   375 :    138    137    125
   376 :    841    840    834
   377 :    597    596    617
   378 :    883    885    881
   379 :    477    476    485
   380 :    683    666    684
   381 :    713    705    712
   382 :    731    725    724
   383 :    866    868    862
   384 :    911    912    914
   385 :    849    848    840
   386 :    889    887    884
   387 :     56     57     68
   388 :    122    134    133
   389 :    907    908    911
   390 :    243    226    227
   391 :    878    877    882
   392 :    909    908    906
   393 :    861    866    862
   394 :    797    796    808
   395 :    391    375    390
   396 :    426    415    427
   397 :    862    857    855
   398 :    447    436    446
   399 :    337    320    338
   400 :    910    912    909
   401 :    137    136    125
   402 :    243    227    244
   403 :    599    597    617
   404 :    920    919    923
   405 :    918    919    915
   406 :    405    406    392
   407 :    643    642    626
   408 :    626    625    643
   409 :     44     35     45
   410 :    399    401    413
   411 :    897    896    893
   412 :    881    885    886
   413 :    805    806    815
   414 :    395    407    393
   415 :    889    892    887
   416 :    830    831    828
   417 :    387    369    370
   418 :    894    895    898
   419 :    194    205    207
   420 :    904    905    907
   421 :    683    665    666
   422 :    650    665    669
   423 :    706    698    707
   424 :    357    337    338
   425 :    296    316    299
   426 :    815    816    824
   427 :    419    418    405
   428 :    431    441    430
   429 :    193    206    203
   430 :    158    157    171
   431 :    726    720    719
   432 :    194    192    205
   433 :    670    669    687
   434 :    599    617    619
   435 :    887    892    888
   436 :     57     46     58
   437 :    205    204    217
   438 :    386    387    401
   439 :    800    799    810
   440 :    843    851    850
   441 :    897    899    896
   442 :    903    902    900
   443 :    815    806    816
   444 :    320    302    303
   445 :     68     57     69
   446 :    389    388    402
   447 :    431    430    419
   448 :    362    379    363
   449 :    674    657    658
   450 :    606    587    586
   451 :    384    386    399
   452 :    145    158    156
   453 :    193    195    206
   454 :    858    851    857
   455 :    857    851    855
   456 :    318    335    336
   457 :    367    370    352
   458 :    424    435    436
   459 :     69     58     70
   460 :    886    885    890
   461 :    250    236    255
   462 :    630    629    611
   463 :    690    675    688
   464 :    568    558    569
   465 :    243    242    226
   466 :    303    321    320
   467 :    799    791    788
   468 :    568    564    558
   469 :    607    624    604
   470 :    847    846    854
   471 :     72     83     71
   472 :      9     14      6
   473 :    636    618    635
   474 :    230    236    250
   475 :    569    558    559
   476 :    318    316    335
   477 :    436    435    446
   478 :    133    134    145
   479 :    614    633    615
   480 :    181    169    174
   481 :    861    862    856
   482 :    836    837    829
   483 :    241    224    225
   484 :    182    169    181
   485 :    357    338    358
   486 :    303    302    283
   487 :     49     61     58
   488 :    687    696    699
   489 :    145    146    158
   490 :    201    200    188
   491 :    570    569    559
   492 :    651    669    670
   493 :    718    719    711
   494 :     43     55     50
   495 :    444    434    433
   496 :    354    353    371
   497 :    275    252    276
   498 :    244    227    228
   499 :    380    396    381
   500 :    279    275    296
   501 :     32     34     43
   502 :    715    713    721
   503 :    252    253    276
   504 :    203    206    216
   505 :    730    735    736
   506 :    780    781    772
   507 :     87     96     84
   508 :    830    838    839
   509 :    752    753    747
   510 :    903    905    902
   511 :    406    408    395
   512 :    719    720    712
   513 :    913    912    910
   514 :    403    416    417
   515 :    345    363    346
   516 :    661    679    662
   517 :    760    762    768
   518 :    251    252    275
   519 :    620    599    619
   520 :     75     84     72
   521 :    935    928    933
   522 :    304    285    305
   523 :    262    261    284
   524 :    620    619    637
   525 :    444    433    443
   526 :    294    293    314
   527 :    834    833    826
   528 :     67     56     68
   529 :    303    283    284
   530 :    156    158    170
   531 :    250    255    274
   532 :    355    372    356
   533 :    744    751    743
   534 :    279    296    299
   535 :    710    701    709
   536 :    711    703    702
   537 :    751    745    743
   538 :    149    137    150
   539 :    483    492    493
   540 :    353    368    371
   541 :    727    720    726
   542 :    200    187    188
   543 :    317    315    334
   544 :    216    206    219
   545 :    402    416    403
   546 :    150    137    138
   547 :    856    855    849
   548 :    914    912    916
   549 :    426    414    415
   550 :    224    220    214
   551 :    385    400    387
   552 :    359    343    340
   553 :    301    319    306
   554 :    676    677    692
   555 :    744    743    737
   556 :    213    200    201
   557 :    751    752    745
   558 :    653    656    671
   559 :    261    241    240
   560 :    942    938    937
   561 :    590    578    579
   562 :    402    413    416
   563 :    445    434    444
   564 :    493    492    501
   565 :    745    752    747
   566 :     49     37     36
   567 :    839    831    830
   568 :    429    439    440
   569 :    240    241    225
   570 :     34     33     44
   571 :    765    767    759
   572 :    892    891    888
   573 :    302    300    282
   574 :    464    455    454
   575 :    382    394    397
   576 :    425    412    424
   577 :    315    333    334
   578 :    356    372    373
   579 :    195    182    194
   580 :    891    895    894
   581 :    561    571    562
   582 :    441    443    432
   583 :    285    264    286
   584 :     26     35     33
   585 :    929    930    936
   586 :     49     47     59
   587 :    825    833    827
   588 :    779    778    787
   589 :    718    711    710
   590 :    791    789    792
   591 :    303    284    285
   592 :     46     37     49
   593 :    151    150    138
   594 :    494    493    503
   595 :    718    710    717
   596 :    195    207    206
   597 :    853    859    860
   598 :    457    456    466
   599 :    299    316    318
   600 :      1      6      2
   601 :    390    375    374
   602 :    195    194    207
   603 :    378    393    379
   604 :    364    363    380
   605 :    304    321    303
   606 :    275    276    296
   607 :    709    701    700
   608 :    855    851    848
   609 :     26     37     35
   610 :    811    810    801
   611 :    770    777    778
   612 :    923    919    922
   613 :     11     10      4
   614 :     99     96     87
   615 :    779    770    778
   616 :    761    753    760
   617 :     88     87     76
   618 :    503    493    502
   619 :    419    405    404
   620 :    553    562    563
   621 :    438    427    437
   622 :    338    321    339
   623 :    285    263    264
   624 :    274    278    295
   625 :    311    310    290
   626 :    504    494    503
   627 :    707    713    715
   628 :    256    251    275
   629 :     77     65     78
   630 :    188    175    176
   631 :    447    446    457
   632 :    164    150    151
   633 :    493    501    502
   634 :    430    418    419
   635 :    649    647    632
   636 :      0      4      3
   637 :    373    388    389
   638 :     86     79     91
   639 :    777    768    769
   640 :    399    413    402
   641 :    382    396    380
   642 :    495    494    504
   643 :    795    793    805
   644 :    628    624    642
   645 :    832    831    839
   646 :    234    218    233
   647 :    468    476    477
   648 :    222    235    220
   649 :    701    691    690
   650 :    641    656    653
   651 :    220    235    236
   652 :    294    273    293
   653 :    388    384    399
   654 :    469    468    477
   655 :    276    274    295
   656 :    317    297    315
   657 :    339    321    322
   658 :    253    250    274
   659 :    692    703    694
   660 :    188    176    189
   661 :    126    125    112
   662 :    168    169    182
   663 :    625    606    605
   664 :    218    217    233
   665 :      7     14      8
   666 :    295    278    298
   667 :    233    230    250
   668 :    457    446    456
   669 :    389    402    403
   670 :    126    113    127
   671 :    845    837    836
   672 :    406    395    392
   673 :    149    148    137
   674 :    102    101     89
   675 :    134    146    145
   676 :    248    229    238
   677 :    428    439    429
   678 :    617    598    618
   679 :    163    149    150
   680 :    152    165    159
   681 :    626    624    607
   682 :    808    807    817
   683 :    448    447    457
   684 :    784    783    774
   685 :    224    214    225
   686 :    458    457    467
   687 :    335    317    334
   688 :    282    300    280
   689 :    708    714    716
   690 :    295    298    316
   691 :    249    273    254
   692 :    170    158    171
   693 :    722    721    729
   694 :    108     96     99
   695 :    467    457    466
   696 :    121    133    131
   697 :    715    721    722
   698 :    643    625    627
   699 :    284    261    263
   700 :    453    454    444
   701 :    302    282    283
   702 :    143    133    145
   703 :    422    409    421
   704 :     31     30     21
   705 :    437    436    447
   706 :     34     44     43
   707 :    233    250    253
   708 :    442    441    431
   709 :    637    636    652
   710 :     84     83     72
   711 :    425    436    427
   712 :    103    115    110
   713 :    336    355    356
   714 :    202    215    208
   715 :    231    251    237
   716 :    758    757    750
   717 :     75     63     64
   718 :    100     88    101
   719 :    305    285    286
   720 :    805    794    806
   721 :    176    163    177
   722 :     24     33     34
   723 :    640    623    628
   724 :    452    451    442
   725 :    225    214    210
   726 :    178    190    184
   727 :     76     64     77
   728 :    276    295    296
   729 :    183    195    193
   730 :    346    363    364
   731 :    662    679    680
   732 :    417    428    429
   733 :    890    891    894
   734 :    142    131    143
   735 :    791    782    788
   736 :    167    156    170
   737 :    756    763    764
   738 :    756    755    763
   739 :     17     26     23
   740 :    118    109    121
   741 :    574    571    564
   742 :    618    616    635
   743 :    452    461    451
   744 :    486    494    495
   745 :    242    261    240
   746 :    794    793    782
   747 :    755    761    763
   748 :    143    156    154
   749 :    180    170    183
   750 :    112    100    113
   751 :    370    385    387
   752 :    562    571    563
   753 :    283    262    284
   754 :    742    748    749
   755 :    128    140    135
   756 :     53     41     54
   757 :    461    453    451
   758 :    219    218    234
   759 :     36     47     49
   760 :    867    866    861
   761 :     73     61     71
   762 :    487    486    495
   763 :     89     88     76
   764 :    362    363    345
   765 :    676    679    661
   766 :     23     26     33
   767 :    916    912    913
   768 :    888    891    890
   769 :    814    812    821
   770 :    130    142    141
   771 :    770    768    777
   772 :     71     59     60
   773 :    864    868    869
   774 :    367    385    370
   775 :    215    203    216
   776 :    443    433    432
   777 :    153    166    165
   778 :    190    179    191
   779 :    453    443    451
   780 :    726    719    718
   781 :    212    199    200
   782 :    175    173    162
   783 :    617    618    636
   784 :    767    776    769
   785 :    168    157    155
   786 :    800    810    809
   787 :    896    895    892
   788 :    690    677    675
   789 :    161    155    160
   790 :    839    838    847
   791 :    293    273    272
   792 :    132    119    120
   793 :    253    274    276
   794 :    219    234    232
   795 :      3      6      1
   796 :     87     84     75
   797 :    162    149    163
   798 :    771    770    779
   799 :     12      4      5
   800 :    320    321    338
   801 :    864    869    865
   802 :    178    166    179
   803 :    211    209    199
   804 :    619    636    637
   805 :    450    449    459
   806 :    217    230    233
   807 :    191    203    202
   808 :    185    174    173
   809 :    584    583    600
   810 :     59     47     48
   811 :    764    763    771
   812 :    732    733    725
   813 :    387    400    401
   814 :    536    528    527
   815 :    427    415    425
   816 :    575    581    583
   817 :    322    321    304
   818 :    223    210    209
   819 :    615    633    634
   820 :    256    275    279
   821 :    862    868    863
   822 :    787    786    797
   823 :    849    840    841
   824 :    449    448    458
   825 :    680    679    694
   826 :    223    209    211
   827 :    757    762    754
   828 :     68     80     79
   829 :    138    125    126
   830 :    314    313    333
   831 :    313    293    292
   832 :    800    789    791
   833 :    280    259    282
   834 :    796    795    807
   835 :    906    905    903
   836 :    451    443    441
   837 :     63     51     52
   838 :    453    444    443
   839 :    584    575    583
   840 :     97     95    107
   841 :    606    586    605
   842 :    191    180    193
   843 :    466    465    475
   844 :    408    407    395
   845 :    154    167    166
   846 :    491    492    482
   847 :    129    141    140
   848 :    163    150    164
   849 :     67     79     74
   850 :    890    885    888
   851 :    189    176    177
   852 :    179    167    180
   853 :    111     99    100
   854 :    129    117    130
   855 :    498    488    489
   856 :    138    126    139
   857 :    900    899    897
   858 :    463    464    454
   859 :    619    617    636
   860 :    106     97    109
   861 :    218    205    217
   862 :    496    495    505
   863 :    216    232    231
   864 :    152    141    153
   865 :    448    457    458
   866 :    113    101    114
   867 :    259    260    282
   868 :    504    503    513
   869 :    206    207    219
   870 :    450    459    460
   871 :    597    582    596
   872 :    444    455    445
   873 :    155    144    148
   874 :    640    628    644
   875 :     99     87     88
   876 :    207    205    218
   877 :     36     37     27
   878 :    237    251    256
   879 :    226    240    223
   880 :    272    273    249
   881 :    291    292    270
   882 :    921    922    918
   883 :     91    103     98
   884 :    153    142    154
   885 :    826    819    820
   886 :    221    215    231
   887 :    499    489    490
   888 :    865    869    870
   889 :    478    486    487
   890 :    240    225    223
   891 :    219    207    218
   892 :    196    190    202
   893 :    118    131    130
   894 :    161    168    155
   895 :    514    513    523
   896 :    603    623    622
   897 :    781    793    784
   898 :    449    458    459
   899 :    728    727    734
   900 :    481    471    472
   901 :    755    753    761
   902 :    535    525    526
   903 :    796    807    808
   904 :    517    507    508
   905 :    499    498    489
   906 :    855    848    849
   907 :    893    892    889
   908 :    750    757    754
   909 :    741    734    740
   910 :    290    310    289
   911 :    507    498    508
   912 :    884    883    880
   913 :     69     81     80
   914 :    451    441    442
   915 :    160    148    149
   916 :    227    212    228
   917 :     62     67     74
   918 :    522    512    521
   919 :    320    319    302
   920 :    754    762    760
   921 :    534    524    525
   922 :    723    729    730
   923 :    922    919    918
   924 :    747    753    755
   925 :    212    200    213
   926 :    537    545    538
   927 :    930    928    935
   928 :     72     60     63
   929 :    517    516    507
   930 :    225    210    223
   931 :    171    168    182
   932 :    216    219    232
   933 :    513    512    522
   934 :    521    511    520
   935 :    211    199    212
   936 :    477    486    478
   937 :    171    157    168
   938 :    479    473    470
   939 :    510    519    520
   940 :    495    504    505
   941 :    326    342    327
   942 :    654    671    655
   943 :    876    875    872
   944 :    251    232    252
   945 :    480    479    470
   946 :    600    599    620
   947 :    282    260    283
   948 :    871    866    867
   949 :    520    529    530
   950 :    514    504    513
   951 :    581    582    597
   952 :     80     92     91
   953 :    763    768    770
   954 :    581    574    582
   955 :    516    515    506
   956 :    498    497    488
   957 :    481    480    471
   958 :     76     87     75
   959 :    462    461    452
   960 :    535    534    525
   961 :    456    455    465
   962 :    277    273    294
   963 :    538    545    546
   964 :    551    542    543
   965 :    548    539    547
   966 :    529    537    538
   967 :    440    449    450
   968 :    331    310    311
   969 :    732    739    733
   970 :    461    463    453
   971 :    888    885    887
   972 :    463    454    453
   973 :    551    550    542
   974 :    539    530    538
   975 :    769    776    777
   976 :    548    547    557
   977 :    112    111    100
   978 :    124    132    120
   979 :    546    545    555
   980 :    506    497    507
   981 :    736    741    742
   982 :     30     29     20
   983 :    477    485    486
   984 :    555    545    554
   985 :    567    556    566
   986 :    738    739    732
   987 :    581    597    583
   988 :    769    762    767
   989 :    505    504    514
   990 :    506    509    500
   991 :    521    520    530
   992 :    185    173    175
   993 :    509    510    501
   994 :    531    530    539
   995 :    515    518    509
   996 :    500    491    497
   997 :    501    492    500
   998 :    471    470    461
   999 :    532    522    531
  1000 :    515    509    506
  1001 :    534    533    524
  1002 :    724    718    717
  1003 :    532    531    540
  1004 :    547    546    556
  1005 :    524    527    518
  1006 :    507    497    498
  1007 :    116    105    117
  1008 :    542    533    534
  1009 :    524    515    525
  1010 :    588    585    580
  1011 :    503    502    512
  1012 :    488    479    489
  1013 :    774    783    773
  1014 :    489    479    480
  1015 :    578    577    568
  1016 :     70     82     81
  1017 :    574    573    582
  1018 :    525    515    516
  1019 :    183    182    195
  1020 :    479    482    473
  1021 :    488    491    482
  1022 :    555    565    566
  1023 :    480    470    471
  1024 :    484    483    493
  1025 :    522    521    531
  1026 :    428    438    439
  1027 :    556    546    555
  1028 :    508    498    499
  1029 :    533    527    524
  1030 :    559    549    550
  1031 :    117    106    118
  1032 :    566    565    575
  1033 :    579    569    570
  1034 :    567    566    576
  1035 :    172    165    178
  1036 :    523    522    532
  1037 :    666    665    647
  1038 :    536    527    533
  1039 :    541    533    542
  1040 :    542    534    543
  1041 :    473    464    463
  1042 :    565    563    572
  1043 :    722    729    723
  1044 :    497    491    488
  1045 :    575    572    581
  1046 :    887    885    883
  1047 :     42     41     30
  1048 :    284    263    285
  1049 :    583    597    599
  1050 :    581    571    574
  1051 :    543    534    535
  1052 :    485    484    494
  1053 :    171    182    183
  1054 :    607    587    606
  1055 :    232    234    252
  1056 :    460    468    469
  1057 :    525    516    517
  1058 :    735    734    741
  1059 :    550    541    542
  1060 :    572    571    581
  1061 :    231    232    251
  1062 :    186    174    185
  1063 :    570    559    560
  1064 :    728    720    727
  1065 :    252    234    253
  1066 :    728    734    735
  1067 :    520    519    529
  1068 :    557    556    567
  1069 :    513    522    523
  1070 :    566    575    576
  1071 :    530    529    538
  1072 :    459    467    468
  1073 :    552    549    559
  1074 :     92     81     93
  1075 :    511    510    520
  1076 :    565    572    575
  1077 :    554    563    565
  1078 :    170    171    183
  1079 :    489    480    481
  1080 :    559    550    551
  1081 :    521    530    531
  1082 :    540    539    548
  1083 :    550    549    541
  1084 :    737    738    731
  1085 :    539    538    547
  1086 :    576    575    584
  1087 :    325    340    342
  1088 :    748    747    755
  1089 :    541    544    536
  1090 :    254    273    277
  1091 :    502    510    511
  1092 :    748    755    756
  1093 :    547    556    557
  1094 :    538    546    547
  1095 :    555    554    565
  1096 :    466    475    467
  1097 :    139    126    127
  1098 :    519    528    529
  1099 :    583    599    600
  1100 :    719    712    711
  1101 :     46     49     58
  1102 :    549    544    541
  1103 :    487    495    496
  1104 :    556    555    566
  1105 :    502    511    512
  1106 :    558    552    559
  1107 :    458    467    459
  1108 :    484    493    494
  1109 :    552    562    553
  1110 :    503    512    513
  1111 :    470    463    461
  1112 :     89     77     90
  1113 :    157    146    144
  1114 :    529    528    537
  1115 :    208    215    221
  1116 :    500    492    491
  1117 :    103     92    104
  1118 :    563    571    572
  1119 :    516    506    507
  1120 :    749    748    756
  1121 :    459    468    460
  1122 :    552    553    549
  1123 :    778    786    787
  1124 :    509    501    500
  1125 :    506    500    497
  1126 :    524    518    515
  1127 :     85     97     94
  1128 :    745    739    738
  1129 :    518    528    519
  1130 :    882    877    881
  1131 :    485    494    486
  1132 :    531    539    540
  1133 :    750    754    746
  1134 :    541    536    533
  1135 :    763    770    771
  1136 :    488    482    479
  1137 :      3     10      9
  1138 :    746    751    744
  1139 :     25     34     32
  1140 :    549    553    544
  1141 :     41     40     29
  1142 :    754    751    746
  1143 :    509    519    510
  1144 :    561    562    552
  1145 :    731    738    732
  1146 :    471    461    462
  1147 :    754    760    751
  1148 :    558    564    561
  1149 :    760    752    751
  1150 :    177    163    164
  1151 :    265    243    244
  1152 :    560    559    551
  1153 :    226    211    227
  1154 :    759    767    758
  1155 :    512    511    521
  1156 :    863    868    864
  1157 :    578    568    569
  1158 :    743    745    738
  1159 :    227    211    212
  1160 :    743    738    737
  1161 :    526    525    517
  1162 :    472    471    462
  1163 :    228    212    213
  1164 :    732    725    731
  1165 :    469    477    478
  1166 :    490    489    481
  1167 :    201    188    189
  1168 :    760    753    752
  1169 :    596    582    580
  1170 :    558    561    552
  1171 :    226    223    211
  1172 :    874    873    878
  1173 :    853    846    845
  1174 :    470    473    463
  1175 :    114    101    102
  1176 :    474    483    484
  1177 :    143    145    156
  1178 :    456    465    466
  1179 :    761    768    763
  1180 :    467    475    476
  1181 :    767    762    757
  1182 :    167    170    180
  1183 :    371    368    384
  1184 :     35     37     46
  1185 :    609    589    590
  1186 :    215    216    231
  1187 :    879    875    876
  1188 :    191    193    203
  1189 :    131    133    143
  1190 :    882    881    886
  1191 :    847    838    846
  1192 :    887    883    884
  1193 :    184    190    196
  1194 :    234    233    253
  1195 :    160    155    148
  1196 :    437    447    448
  1197 :    180    183    193
  1198 :    186    181    174
  1199 :    121    122    133
  1200 :      8     14     15
  1201 :    896    892    893
  1202 :    618    598    616
  1203 :    902    899    900
  1204 :    151    138    139
  1205 :    760    768    761
  1206 :    176    162    163
  1207 :    915    916    913
  1208 :    221    231    237
  1209 :    735    741    736
  1210 :    586    585    605
  1211 :     86     91     98
  1212 :    778    777    786
  1213 :    147    140    152
  1214 :    154    156    167
  1215 :    331    330    310
  1216 :    155    157    144
  1217 :    190    191    202
  1218 :    660    678    659
  1219 :    166    167    179
  1220 :    125    124    112
  1221 :    162    160    149
  1222 :    123    115    128
  1223 :    766    773    765
  1224 :    179    180    191
  1225 :    908    905    906
  1226 :    568    573    564
  1227 :    142    143    154
  1228 :    173    161    160
  1229 :    578    569    579
  1230 :    671    673    688
  1231 :    202    203    215
  1232 :     65     64     52
  1233 :    807    795    805
  1234 :    249    235    229
  1235 :     74     79     86
  1236 :    113    100    101
  1237 :    196    202    208
  1238 :    127    113    114
  1239 :    768    762    769
  1240 :    397    394    407
  1241 :    111    108     99
  1242 :    800    791    799
  1243 :    120    119    108
  1244 :     25     24     34
  1245 :    881    877    879
  1246 :    165    166    178
  1247 :    467    476    468
  1248 :    427    436    437
  1249 :    518    519    509
  1250 :    580    585    596
  1251 :     42     30     31
  1252 :     67     68     79
  1253 :    605    585    588
  1254 :    917    916    920
  1255 :    118    121    131
  1256 :     79     80     91
  1257 :    126    112    113
  1258 :    112    124    111
  1259 :    580    573    577
  1260 :    178    179    190
  1261 :    100     99     88
  1262 :    781    775    772
  1263 :    379    394    382
  1264 :    159    165    172
  1265 :    454    455    444
  1266 :    767    757    758
  1267 :    153    154    166
  1268 :    136    132    124
  1269 :    446    445    456
  1270 :    332    349    353
  1271 :    527    528    518
  1272 :    141    142    153
  1273 :     68     69     80
  1274 :    162    173    160
  1275 :     31     21     22
  1276 :    501    510    502
  1277 :    424    423    435
  1278 :     93    105    104
  1279 :    130    131    142
  1280 :    923    922    926
  1281 :    104    116    115
  1282 :     82     73     85
  1283 :    306    319    324
  1284 :    278    255    277
  1285 :    564    571    561
  1286 :    101     88     89
  1287 :     89     76     77
  1288 :     30     20     21
  1289 :    128    116    129
  1290 :     90     77     78
  1291 :    577    573    568
  1292 :    582    573    580
  1293 :    604    624    610
  1294 :    277    294    297
  1295 :    588    577    589
  1296 :    588    580    577
  1297 :     66     65     53
  1298 :     98    103    110
  1299 :     76     75     64
  1300 :    781    784    775
  1301 :    140    141    152
  1302 :    172    178    184
  1303 :    931    929    936
  1304 :    941    938    942
  1305 :    314    293    313
  1306 :     52     40     53
  1307 :    702    691    701
  1308 :     75     72     63
  1309 :     93     82     94
  1310 :     41     29     30
  1311 :    407    394    393
  1312 :    192    181    186
  1313 :    152    153    165
  1314 :    144    146    134
  1315 :     91     92    103
  1316 :    110    115    123
  1317 :    806    794    804
  1318 :    117    118    130
  1319 :     40     51     39
  1320 :     69     70     81
  1321 :     54     41     42
  1322 :    129    130    141
  1323 :    124    120    111
  1324 :    292    272    271
  1325 :    102     89     90
  1326 :     45     35     46
  1327 :     94    106    105
  1328 :    254    235    249
  1329 :    135    140    147
  1330 :     80     81     92
  1331 :     97    107    109
  1332 :    312    292    291
  1333 :    106    109    118
  1334 :      6     14      7
  1335 :    862    863    857
  1336 :    173    174    161
  1337 :    263    261    242
  1338 :    607    606    625
  1339 :    818    819    825
  1340 :    351    369    350
  1341 :    103    104    115
  1342 :    396    410    398
  1343 :    312    313    292
  1344 :     66     53     54
  1345 :     64     63     52
  1346 :     53     40     41
  1347 :      2      6      7
  1348 :    176    175    162
  1349 :    680    682    664
  1350 :    344    362    345
  1351 :    672    676    661
  1352 :    792    789    798
  1353 :    850    852    844
  1354 :    593    602    601
  1355 :     70     73     82
  1356 :    246    247    258
  1357 :    147    152    159
  1358 :    774    773    766
  1359 :    659    648    645
  1360 :    307    323    325
  1361 :    111    120    108
  1362 :    364    365    347
  1363 :    247    257    258
  1364 :    564    573    574
  1365 :    116    117    129
  1366 :     72     71     60
  1367 :    325    342    326
  1368 :    653    671    654
  1369 :    821    812    813
  1370 :    645    630    631
  1371 :      3      9      6
  1372 :    835    843    842
  1373 :    595    587    604
  1374 :     12     11      4
  1375 :    161    169    168
  1376 :    309    312    291
  1377 :     81     82     93
  1378 :    642    624    626
  1379 :    370    369    351
  1380 :    271    272    248
  1381 :    246    258    266
  1382 :      5      4      0
  1383 :    274    255    278
  1384 :    603    610    623
  1385 :    393    394    379
  1386 :     92     93    104
  1387 :    686    684    668
  1388 :     32     43     38
  1389 :     51     60     48
  1390 :    310    330    309
  1391 :    259    238    239
  1392 :     77     64     65
  1393 :    640    657    641
  1394 :    784    795    783
  1395 :    784    793    795
  1396 :    268    270    246
  1397 :     94     97    106
  1398 :    245    266    267
  1399 :    174    169    161
  1400 :     13     12      5
  1401 :    638    640    641
  1402 :     40     39     29
  1403 :    125    136    124
  1404 :    799    788    790
  1405 :    397    410    396
  1406 :    684    666    668
  1407 :    123    128    135
  1408 :    270    271    246
  1409 :    115    116    128
  1410 :    363    379    380
  1411 :    380    381    365
  1412 :    351    330    331
  1413 :    128    129    140
  1414 :    352    351    331
  1415 :    377    393    378
  1416 :    290    289    269
  1417 :    398    412    411
  1418 :    258    257    280
  1419 :    328    331    311
  1420 :    611    594    592
  1421 :    272    249    248
  1422 :    288    307    308
  1423 :    822    821    813
  1424 :    646    645    631
  1425 :    621    638    639
  1426 :    383    385    367
  1427 :    346    364    347
  1428 :     93     94    105
  1429 :    663    678    660
  1430 :    297    294    315
  1431 :    327    344    345
  1432 :    844    845    836
  1433 :    664    681    663
  1434 :    842    850    844
  1435 :    655    672    661
  1436 :    613    593    601
  1437 :    347    348    328
  1438 :    803    792    798
  1439 :    662    680    664
  1440 :    266    258    281
  1441 :    308    325    326
  1442 :    829    828    822
  1443 :    660    659    646
  1444 :    639    653    654
  1445 :    281    301    287
  1446 :    104    105    116
  1447 :    407    409    397
  1448 :     65     52     53
  1449 :    105    106    117
  1450 :    379    382    380
  1451 :    351    350    330
  1452 :    259    239    260
  1453 :    309    291    289
  1454 :    269    268    245
  1455 :    222    220    224
  1456 :     82     85     94
  1457 :     11     19     10
  1458 :     78     65     66
  1459 :    291    270    289
  1460 :    352    370    351
  1461 :     51     48     39
  1462 :    703    705    694
  1463 :    396    398    383
  1464 :    306    324    323
  1465 :      9     18     17
  1466 :    823    814    821
  1467 :    791    794    782
  1468 :    845    846    837
  1469 :    194    181    192
  1470 :    671    656    673
  1471 :     15     23     24
  1472 :    445    455    456
  1473 :    678    685    667
  1474 :    775    784    774
  1475 :     19     18     10
  1476 :    605    588    608
  1477 :    353    349    368
  1478 :      0      3      1
  1479 :    361    378    362
  1480 :    267    287    288
  1481 :    323    340    325
  1482 :     85     95     97
  1483 :     60     59     48
  1484 :     52     51     40
  1485 :     63     60     51
  1486 :    813    802    803
  1487 :    601    622    621
  1488 :    631    612    613
  1489 :    798    800    809
  1490 :    292    293    272
  1491 :    364    380    365
  1492 :    608    589    609
  1493 :    350    329    330
  1494 :     19     27     18
  1495 :    772    775    774
  1496 :    594    591    592
  1497 :    658    657    644
  1498 :    246    271    247
  1499 :    365    381    366
  1500 :    332    313    312
  1501 :    592    591    610
  1502 :    307    301    306
  1503 :    258    280    281
  1504 :      8     15     16
  1505 :    330    329    309
  1506 :     16     24     25
  1507 :    679    692    694
  1508 :    693    685    678
  1509 :    271    248    247
  1510 :    350    349    329
  1511 :    382    397    396
  1512 :    628    642    644
  1513 :      4     10      3
  1514 :    805    793    794
  1515 :    229    222    238
  1516 :    309    329    312
  1517 :    248    249    229
  1518 :    675    677    676
  1519 :    302    319    300
  1520 :    323    341    340
  1521 :    329    349    332
  1522 :    229    235    222
  1523 :    307    306    323
  1524 :    310    309    289
  1525 :    678    667    659
  1526 :    329    332    312
  1527 :    608    588    589
  1528 :    697    698    686
  1529 :     15     24     16
  1530 :    707    698    697
  1531 :    308    307    325
  1532 :    822    828    821
  1533 :    639    638    653
  1534 :    659    645    646
  1535 :    238    222    239
  1536 :    604    587    607
  1537 :    710    702    701
  1538 :    623    610    628
  1539 :    381    396    383
  1540 :    340    343    342
  1541 :    344    361    362
  1542 :    680    694    682
  1543 :    672    675    676
  1544 :    892    895    891
  1545 :    422    423    409
  1546 :    434    423    422
  1547 :    342    343    360
  1548 :    280    257    259
  1549 :    366    381    383
  1550 :    803    802    792
  1551 :    612    593    613
  1552 :    837    838    830
  1553 :     10     18      9
  1554 :    644    642    658
  1555 :    631    630    612
  1556 :    813    812    802
  1557 :    601    602    622
  1558 :    798    789    800
  1559 :    629    614    611
  1560 :    610    624    628
  1561 :    693    697    685
  1562 :    846    838    837
  1563 :    366    383    367
  1564 :    323    324    341
  1565 :    257    238    259
  1566 :    411    412    425
  1567 :    604    591    594
  1568 :    361    377    378
  1569 :    644    657    640
  1570 :    943    941    944
  1571 :    677    691    692
  1572 :    298    297    317
  1573 :    659    667    648
  1574 :    649    666    647
  1575 :    614    615    594
  1576 :    602    603    622
  1577 :    360    343    359
  1578 :    802    804    792
  1579 :    612    611    593
  1580 :    593    592    602
  1581 :    668    666    649
  1582 :    685    668    667
  1583 :    667    649    648
  1584 :    939    937    934
  1585 :    360    361    344
  1586 :    614    594    611
  1587 :    610    591    604
  1588 :    688    675    672
  1589 :    602    592    603
  1590 :    667    668    649
  1591 :    592    610    603
  1592 :    940    941    943
  1593 :    690    691    677
  1594 :    934    937    932
  1595 :     71     61     59
  1596 :    158    146    157
  1597 :    586    587    595
  1598 :    932    937    933
  1599 :    435    423    434
  1600 :    944    941    942
  1601 :    925    930    929
  1602 :    860    859    865
  1603 :    865    859    864
  1604 :    269    289    268
  1605 :    287    307    288
  1606 :    622    638    621
  1607 :    835    833    840
  1608 :    804    791    792
  1609 :    696    698    706
  1610 :    375    359    357
  1611 :    359    341    357
  1612 :    873    868    871
  1613 :    859    858    864
  1614 :    681    695    693
  1615 :    395    393    392
  1616 :    852    858    859
  1617 :    694    695    682
  1618 :    786    776    785
  1619 :    777    776    786
  1620 :    432    421    420
  1621 :     48     36     39
  1622 :     39     36     28
  1623 :    635    634    650
  1624 :    376    361    360
  1625 :    413    414    426
  1626 :    340    341    359
  1627 :    740    734    733
  1628 :    734    727    733
  1629 :     18     26     17
  1630 :     27     26     18
  1631 :    108    107     96
  1632 :    108    119    107
  1633 :    421    407    408
  1634 :    421    409    407
  1635 :    283    260    262
  1636 :    707    704    713
  1637 :    713    720    721
  1638 :    647    633    632
  1639 :    615    604    594
  1640 :     96     95     84
  1641 :    109    119    121
  1642 :    333    332    353
  1643 :    333    313    332
  1644 :    537    528    536
  1645 :    260    239    241
  1646 :    400    411    414
  1647 :    214    204    210
Number of domains 104
  Domain :      0 
  Name : cercle1
  Number of elements :     13
     0     1     2     3     4     5     6     7     8     9
    10    11    12
  Domain :      1 
  Name : cercle2
  Number of elements :     13
    13    14    15    16    17    18    19    20    21    22
    23    24    25
  Domain :      2 
  Name : cercle3
  Number of elements :     13
    26    27    28    29    30    31    32    33    34    35
    36    37    38
  Domain :      3 
  Name : Entity 104 
  Number of elements :      2
    39    40
  Domain :      4 
  Name : Entity 105 
  Number of elements :      2
    41    42
  Domain :      5 
  Name : Entity 106 
  Number of elements :      2
    43    44
  Domain :      6 
  Name : Entity 107 
  Number of elements :      2
    45    46
  Domain :      7 
  Name : Entity 108 
  Number of elements :      2
    47    48
  Domain :      8 
  Name : Entity 109 
  Number of elements :      2
    49    50
  Domain :      9 
  Name : Entity 110 
  Number of elements :      2
    51    52
  Domain :     10 
  Name : Entity 111 
  Number of elements :      2
    53    54
  Domain :     11 
  Name : Entity 112 
  Number of elements :      2
    55    56
  Domain :     12 
  Name : Entity 113 
  Number of elements :      2
    57    58
  Domain :     13 
  Name : Entity 114 
  Number of elements :      2
    59    60
  Domain :     14 
  Name : Entity 115 
  Number of elements :      2
    61    62
  Domain :     15 
  Name : Entity 116 
  Number of elements :      2
    63    64
  Domain :     16 
  Name : Entity 117 
  Number of elements :      2
    65    66
  Domain :     17 
  Name : Entity 118 
  Number of elements :      2
    67    68
  Domain :     18 
  Name : Entity 119 
  Number of elements :      2
    69    70
  Domain :     19 
  Name : Entity 120 
  Number of elements :      2
    71    72
  Domain :     20 
  Name : Entity 121 
  Number of elements :      2
    73    74
  Domain :     21 
  Name : Entity 122 
  Number of elements :      2
    75    76
  Domain :     22 
  Name : Entity 123 
  Number of elements :      2
    77    78
  Domain :     23 
  Name : Entity 124 
  Number of elements :      2
    79    80
  Domain :     24 
  Name : Entity 125 
  Number of elements :      2
    81    82
  Domain :     25 
  Name : Entity 126 
  Number of elements :      2
    83    84
  Domain :     26 
  Name : Entity 127 
  Number of elements :      2
    85    86
  Domain :     27 
  Name : Entity 128 
  Number of elements :      3
    87    88    89
  Domain :     28 
  Name : Entity 129 
  Number of elements :      3
    90    91    92
  Domain :     29 
  Name : Entity 130 
  Number of elements :      2
    93    94
  Domain :     30 
  Name : Entity 131 
  Number of elements :      4
    95    96    97    98
  Domain :     31 
  Name : Entity 132 
  Number of elements :      2
    99   100
  Domain :     32 
  Name : Entity 133 
  Number of elements :      3
   101   102   103
  Domain :     33 
  Name : Entity 134 
  Number of elements :      2
   104   105
  Domain :     34 
  Name : Entity 135 
  Number of elements :      2
   106   107
  Domain :     35 
  Name : Entity 136 
  Number of elements :      2
   108   109
  Domain :     36 
  Name : Entity 137 
  Number of elements :      2
   110   111
  Domain :     37 
  Name : Entity 138 
  Number of elements :      2
   112   113
  Domain :     38 
  Name : Entity 139 
  Number of elements :      2
   114   115
  Domain :     39 
  Name : Entity 140 
  Number of elements :      2
   116   117
  Domain :     40 
  Name : Entity 141 
  Number of elements :      2
   118   119
  Domain :     41 
  Name : Entity 142 
  Number of elements :      2
   120   121
  Domain :     42 
  Name : Entity 143 
  Number of elements :      2
   122   123
  Domain :     43 
  Name : Entity 144 
  Number of elements :      2
   124   125
  Domain :     44 
  Name : Entity 145 
  Number of elements :      2
   126   127
  Domain :     45 
  Name : Entity 146 
  Number of elements :      2
   128   129
  Domain :     46 
  Name : Entity 147 
  Number of elements :      2
   130   131
  Domain :     47 
  Name : Entity 148 
  Number of elements :      2
   132   133
  Domain :     48 
  Name : Entity 149 
  Number of elements :      2
   134   135
  Domain :     49 
  Name : Entity 150 
  Number of elements :      2
   136   137
  Domain :     50 
  Name : Entity 151 
  Number of elements :      2
   138   139
  Domain :     51 
  Name : Entity 152 
  Number of elements :      2
   140   141
  Domain :     52 
  Name : Entity 153 
  Number of elements :      2
   142   143
  Domain :     53 
  Name : Entity 154 
  Number of elements :      2
   144   145
  Domain :     54 
  Name : Entity 155 
  Number of elements :      2
   146   147
  Domain :     55 
  Name : Entity 156 
  Number of elements :      2
   148   149
  Domain :     56 
  Name : Entity 157 
  Number of elements :      2
   150   151
  Domain :     57 
  Name : Entity 158 
  Number of elements :      2
   152   153
  Domain :     58 
  Name : Entity 159 
  Number of elements :      2
   154   155
  Domain :     59 
  Name : Entity 160 
  Number of elements :      2
   156   157
  Domain :     60 
  Name : Entity 161 
  Number of elements :      2
   158   159
  Domain :     61 
  Name : Entity 162 
  Number of elements :      2
   160   161
  Domain :     62 
  Name : Entity 163 
  Number of elements :      2
   162   163
  Domain :     63 
  Name : Entity 164 
  Number of elements :      2
   164   165
  Domain :     64 
  Name : Entity 165 
  Number of elements :      2
   166   167
  Domain :     65 
  Name : Entity 166 
  Number of elements :      2
   168   169
  Domain :     66 
  Name : Entity 167 
  Number of elements :      2
   170   171
  Domain :     67 
  Name : Entity 168 
  Number of elements :      2
   172   173
  Domain :     68 
  Name : Entity 169 
  Number of elements :      2
   174   175
  Domain :     69 
  Name : Entity 170 
  Number of elements :      2
   176   177
  Domain :     70 
  Name : Entity 171 
  Number of elements :      2
   178   179
  Domain :     71 
  Name : Entity 172 
  Number of elements :      2
   180   181
  Domain :     72 
  Name : Entity 173 
  Number of elements :      2
   182   183
  Domain :     73 
  Name : Entity 174 
  Number of elements :      2
   184   185
  Domain :     74 
  Name : Entity 175 
  Number of elements :      2
   186   187
  Domain :     75 
  Name : Entity 176 
  Number of elements :      2
   188   189
  Domain :     76 
  Name : Entity 177 
  Number of elements :      2
   190   191
  Domain :     77 
  Name : Entity 178 
  Number of elements :      2
   192   193
  Domain :     78 
  Name : Entity 179 
  Number of elements :      2
   194   195
  Domain :     79 
  Name : Entity 180 
  Number of elements :      2
   196   197
  Domain :     80 
  Name : Entity 181 
  Number of elements :      2
   198   199
  Domain :     81 
  Name : Entity 182 
  Number of elements :      2
   200   201
  Domain :     82 
  Name : Entity 183 
  Number of elements :      2
   202   203
  Domain :     83 
  Name : Entity 184 
  Number of elements :      2
   204   205
  Domain :     84 
  Name : Entity 185 
  Number of elements :      2
   206   207
  Domain :     85 
  Name : Entity 186 
  Number of elements :      2
   208   209
  Domain :     86 
  Name : Entity 187 
  Number of elements :      2
   210   211
  Domain :     87 
  Name : Entity 188 
  Number of elements :      2
   212   213
  Domain :     88 
  Name : Entity 189 
  Number of elements :      2
   214   215
  Domain :     89 
  Name : Entity 190 
  Number of elements :      2
   216   217
  Domain :     90 
  Name : Entity 191 
  Number of elements :      2
   218   219
  Domain :     91 
  Name : Entity 192 
  Number of elements :      2
   220   221
  Domain :     92 
  Name : Entity 193 
  Number of elements :      2
   222   223
  Domain :     93 
  Name : Entity 194 
  Number of elements :      2
   224   225
  Domain :     94 
  Name : Entity 195 
  Number of elements :      2
   226   227
  Domain :     95 
  Name : Entity 196 
  Number of elements :      2
   228   229
  Domain :     96 
  Name : Entity 197 
  Number of elements :      2
   230   231
  Domain :     97 
  Name : Entity 198 
  Number of elements :      2
   232   233
  Domain :     98 
  Name : Entity 199 
  Number of elements :      2
   234   235
  Domain :     99 
  Name : Entity 200 
  Number of elements :      2
   236   237
  Domain :    100 
  Name : Entity 201 
  Number of elements :      2
   238   239
  Domain :    101 
  Name : Entity 202 
  Number of elements :      2
   240   241
  Domain :    102 
  Name : Entity 203 
  Number of elements :      2
   242   243
  Domain :    103 
  Name : Entity 204 
  Number of elements :      2
   244   245
