Number of nodes 1121 
     0 :  9.9991600e-01 -1.2570000e-03 
     1 :  1.0000000e+00 -1.7347235e-18 
     2 :  1.0000840e+00  1.2570000e-03 
     3 :  9.9943124e-01 -6.4787486e-04 
     4 :  9.9941800e-01 -1.2935000e-03 
     5 :  9.9906324e-01 -1.8294997e-04 
     6 :  9.9909996e-01  4.0837264e-04 
     7 :  9.9948592e-01  8.4391805e-04 
     8 :  9.9959500e-01  1.3590000e-03 
     9 :  9.9877942e-01 -7.1299531e-04 
    10 :  9.9892000e-01 -1.3300000e-03 
    11 :  9.9837796e-01  3.0141137e-04 
    12 :  9.9910600e-01  1.4610000e-03 
    13 :  9.9772357e-01 -7.6834856e-04 
    14 :  9.9742900e-01 -1.4380000e-03 
    15 :  9.9711079e-01  7.1595866e-05 
    16 :  9.9764150e-01  1.7655000e-03 
    17 :  9.9593800e-01 -1.5460000e-03 
    18 :  9.9587290e-01  6.0541652e-04 
    19 :  9.9617700e-01  2.0700000e-03 
    20 :  9.9385546e-01  3.4025031e-04 
    21 :  9.9345900e-01 -1.7250000e-03 
    22 :  9.9374200e-01  2.5735000e-03 
    23 :  9.9188066e-01  5.1602312e-04 
    24 :  9.9098000e-01 -1.9040000e-03 
    25 :  9.9130700e-01  3.0770000e-03 
    26 :  9.8890399e-01  7.3027644e-04 
    27 :  9.8752450e-01 -2.1530000e-03 
    28 :  9.8791100e-01  3.7730000e-03 
    29 :  9.8406900e-01 -2.4020000e-03 
    30 :  9.8382078e-01  1.0726355e-03 
    31 :  9.8451500e-01  4.4690000e-03 
    32 :  0.0000000e+00  0.0000000e+00 
    33 :  9.7965050e-01 -2.7185000e-03 
    34 :  9.7987447e-01  1.2324199e-03 
    35 :  9.8017000e-01  5.3500000e-03 
    36 :  7.6750000e-04 -2.6975000e-03 
    37 :  2.5304749e-03 -4.9104022e-05 
    38 :  2.1950000e-04  2.7960000e-03 
    39 :  4.3900000e-04  5.5920000e-03 
    40 :  9.7523200e-01 -3.0350000e-03 
    41 :  9.7411417e-01  1.7215098e-03 
    42 :  9.7582500e-01  6.2310000e-03 
    43 :  1.5350000e-03 -5.3950000e-03 
    44 :  3.6530865e-03 -3.0383954e-03 
    45 :  5.5263425e-03 -3.2251085e-04 
    46 :  3.2750000e-03 -7.9170000e-03 
    47 :  3.2692114e-03  3.0075884e-03 
    48 :  3.3450130e-03  6.4104164e-03 
    49 :  1.6545000e-03  8.4080000e-03 
    50 :  9.6986950e-01 -3.4165000e-03 
    51 :  9.6899033e-01  1.6798159e-03 
    52 :  9.7054700e-01  7.2865000e-03 
    53 :  5.2496791e-03 -5.5305744e-03 
    54 :  7.3059171e-03 -2.9751685e-03 
    55 :  6.9774154e-03  2.5847877e-03 
    56 :  9.1360684e-03 -4.3082239e-04 
    57 :  7.0031271e-03 -8.1111794e-03 
    58 :  5.0150000e-03 -1.0439000e-02 
    59 :  6.3116732e-03  5.7048412e-03 
    60 :  4.7486251e-03  8.8528614e-03 
    61 :  2.8700000e-03  1.1224000e-02 
    62 :  9.6450700e-01 -3.7980000e-03 
    63 :  9.6358862e-01  1.9398034e-03 
    64 :  9.6526900e-01  8.3420000e-03 
    65 :  9.0375747e-03 -5.5143234e-03 
    66 :  1.1302263e-02 -2.9861553e-03 
    67 :  1.0689800e-02  3.6110909e-03 
    68 :  1.3670060e-02 -1.2609235e-04 
    69 :  1.0218285e-02 -1.0422300e-02 
    70 :  7.7180000e-03 -1.2782500e-02 
    71 :  5.0810000e-03  1.4051000e-02 
    72 :  9.1018373e-03  8.2221444e-03 
    73 :  7.0320880e-03  1.1294157e-02 
    74 :  1.3694088e-02  6.6974109e-03 
    75 :  7.2920000e-03  1.6878000e-02 
    76 :  9.5822300e-01 -4.2415000e-03 
    77 :  9.5635777e-01  2.2510991e-03 
    78 :  9.5907850e-01  9.5600000e-03 
    79 :  1.2953303e-02 -7.6659116e-03 
    80 :  1.5920385e-02 -4.6102586e-03 
    81 :  1.6259000e-02  3.1541520e-03 
    82 :  1.8741711e-02 -6.9290443e-04 
    83 :  1.3723820e-02 -1.2736799e-02 
    84 :  1.0421000e-02 -1.5126000e-02 
    85 :  9.6779656e-03  1.4197895e-02 
    86 :  1.1926277e-02  1.1163671e-02 
    87 :  1.6247135e-02  9.7108409e-03 
    88 :  1.8753719e-02  6.7376429e-03 
    89 :  1.0492000e-02  1.9704500e-02 
    90 :  9.5193900e-01 -4.6850000e-03 
    91 :  9.4929739e-01  1.5638677e-03 
    92 :  9.5288800e-01  1.0778000e-02 
    93 :  1.6859913e-02 -1.0278466e-02 
    94 :  2.0282252e-02 -6.7954182e-03 
    95 :  2.2169288e-02 -3.6449280e-04 
    96 :  2.2004622e-02  2.6977639e-03 
    97 :  2.3371084e-02 -3.5664290e-03 
    98 :  1.7494451e-02 -1.4764253e-02 
    99 :  1.4073000e-02 -1.7288500e-02 
   100 :  1.3069614e-02  1.6548253e-02 
   101 :  1.6597702e-02  1.3762283e-02 
   102 :  2.0308226e-02  1.0905164e-02 
   103 :  2.4175249e-02  7.7327657e-03 
   104 :  1.3692000e-02  2.2531000e-02 
   105 :  9.4475900e-01 -5.1880000e-03 
   106 :  9.4130938e-01  5.1136195e-04 
   107 :  9.4432538e-01  6.0302269e-03 
   108 :  9.4580750e-01  1.2145000e-02 
   109 :  2.1021757e-02 -1.2047398e-02 
   110 :  2.4657632e-02 -8.6164177e-03 
   111 :  2.5993285e-02 -4.7373555e-04 
   112 :  2.7833196e-02  4.2682526e-03 
   113 :  2.8230142e-02 -4.7038628e-03 
   114 :  2.1575982e-02 -1.6766613e-02 
   115 :  1.7725000e-02 -1.9451000e-02 
   116 :  1.7489692e-02  1.9553395e-02 
   117 :  2.1269812e-02  1.6753803e-02 
   118 :  2.5320094e-02  1.3612077e-02 
   119 :  2.9396017e-02  1.0140497e-02 
   120 :  1.7871500e-02  2.5341500e-02 
   121 :  9.3757900e-01 -5.6910000e-03 
   122 :  9.3447536e-01  7.5998537e-04 
   123 :  9.3736699e-01  6.4301543e-03 
   124 :  9.3872700e-01  1.3512000e-02 
   125 :  2.5475286e-02 -1.3552137e-02 
   126 :  2.9266532e-02 -9.8282440e-03 
   127 :  3.1819345e-02 -8.2330631e-05 
   128 :  3.3610657e-02  5.5945554e-03 
   129 :  3.3377457e-02 -5.0096783e-03 
   130 :  2.6279910e-02 -1.8427956e-02 
   131 :  2.2308500e-02 -2.1429500e-02 
   132 :  2.1883359e-02  2.2318153e-02 
   133 :  2.6072081e-02  1.9187052e-02 
   134 :  3.0365541e-02  1.5799443e-02 
   135 :  3.4714017e-02  1.2140845e-02 
   136 :  2.2051000e-02  2.8152000e-02 
   137 :  9.2953300e-01 -6.2500000e-03 
   138 :  9.2758051e-01 -1.1654362e-04 
   139 :  9.2932796e-01  7.0152715e-03 
   140 :  9.3078400e-01  1.5013000e-02 
   141 :  3.0253919e-02 -1.4937619e-02 
   142 :  3.4522871e-02 -1.0555949e-02 
   143 :  3.6750510e-02  1.2366880e-03 
   144 :  3.9182283e-02  8.2613356e-03 
   145 :  3.9088270e-02 -4.8538489e-03 
   146 :  3.1459374e-02 -1.9882759e-02 
   147 :  2.6892000e-02 -2.3408000e-02 
   148 :  2.6628140e-02  2.4998315e-02 
   149 :  3.1061523e-02  2.1649006e-02 
   150 :  3.5629512e-02  1.8067182e-02 
   151 :  4.0335626e-02  1.3960392e-02 
   152 :  2.7197000e-02  3.0928000e-02 
   153 :  9.2148700e-01 -6.8090000e-03 
   154 :  9.2046387e-01  1.5986648e-03 
   155 :  9.2142932e-01  9.2717600e-03 
   156 :  9.2284100e-01  1.6514000e-02 
   157 :  3.5857071e-02 -1.5896126e-02 
   158 :  4.0528419e-02 -1.0657537e-02 
   159 :  4.2722292e-02  2.4331520e-03 
   160 :  4.5016754e-02  9.0842391e-03 
   161 :  4.5299172e-02 -4.0892168e-03 
   162 :  3.7103949e-02 -2.1318988e-02 
   163 :  3.2386000e-02 -2.5199000e-02 
   164 :  3.1873200e-02  2.7505039e-02 
   165 :  3.6636111e-02  2.3984517e-02 
   166 :  4.1480538e-02  2.0129467e-02 
   167 :  4.6286237e-02  1.5537682e-02 
   168 :  3.2343000e-02  3.3704000e-02 
   169 :  9.1260850e-01 -7.4210000e-03 
   170 :  9.1151458e-01  6.7098097e-04 
   171 :  9.1247050e-01  9.3320998e-03 
   172 :  9.1406400e-01  1.8133000e-02 
   173 :  4.1995598e-02 -1.6690859e-02 
   174 :  4.7082619e-02 -1.1214232e-02 
   175 :  5.1623850e-02  9.4546969e-03 
   176 :  4.9310139e-02  2.3750514e-03 
   177 :  5.2423197e-02 -5.1010108e-03 
   178 :  4.3184635e-02 -2.2488922e-02 
   179 :  3.7880000e-02 -2.6990000e-02 
   180 :  3.7462063e-02  3.0138396e-02 
   181 :  4.2648097e-02  2.6182427e-02 
   182 :  5.8532575e-02  9.9925389e-03 
   183 :  4.7636351e-02  2.1842671e-02 
   184 :  5.2842809e-02  1.6511406e-02 
   185 :  3.8437500e-02  3.6424000e-02 
   186 :  9.0373000e-01 -8.0330000e-03 
   187 :  9.0252345e-01  1.6671589e-03 
   188 :  9.0367830e-01  1.0973106e-02 
   189 :  9.0528700e-01  1.9752000e-02 
   190 :  4.8383084e-02 -1.7512339e-02 
   191 :  5.3871237e-02 -1.1599120e-02 
   192 :  5.7220448e-02  1.7061278e-03 
   193 :  5.9116777e-02 -5.7123450e-03 
   194 :  6.3827789e-02  4.2065073e-03 
   195 :  4.9796573e-02 -2.3697769e-02 
   196 :  4.4260500e-02 -2.8591500e-02 
   197 :  4.3725267e-02  3.2535700e-02 
   198 :  4.9023173e-02  2.8335490e-02 
   199 :  6.6005699e-02  1.0585952e-02 
   200 :  6.0177103e-02  1.7276597e-02 
   201 :  5.4483021e-02  2.3249452e-02 
   202 :  4.4532000e-02  3.9144000e-02 
   203 :  8.9405450e-01 -8.6945000e-03 
   204 :  8.9367064e-01  1.2245643e-03 
   205 :  8.9404444e-01  1.0182960e-02 
   206 :  8.9571050e-01  2.1472000e-02 
   207 :  5.5464537e-02 -1.8027888e-02 
   208 :  6.1031746e-02 -1.2000820e-02 
   209 :  6.5708811e-02 -3.2725444e-03 
   210 :  7.1010289e-02  4.3383611e-03 
   211 :  5.6827316e-02 -2.4664976e-02 
   212 :  5.0641000e-02 -3.0193000e-02 
   213 :  5.0408000e-02  3.4832146e-02 
   214 :  5.6064844e-02  3.0087816e-02 
   215 :  7.7792778e-02  5.7746617e-03 
   216 :  7.4148800e-02  1.1207475e-02 
   217 :  6.8004541e-02  1.8118867e-02 
   218 :  6.2039242e-02  2.4378348e-02 
   219 :  5.1552500e-02  4.1785500e-02 
   220 :  8.8437900e-01 -9.3560000e-03 
   221 :  8.8406016e-01  1.7426385e-03 
   222 :  8.8466699e-01  1.4872611e-02 
   223 :  8.8613400e-01  2.3192000e-02 
   224 :  6.2824439e-02 -1.8382530e-02 
   225 :  6.9508846e-02 -1.1037462e-02 
   226 :  7.7060320e-02 -2.4689258e-03 
   227 :  6.4264767e-02 -2.5702044e-02 
   228 :  5.7880500e-02 -3.1603500e-02 
   229 :  5.7550216e-02  3.7104373e-02 
   230 :  6.3703428e-02  3.1754236e-02 
   231 :  8.4434792e-02  4.2368698e-03 
   232 :  8.2309690e-02  1.1559529e-02 
   233 :  7.6551722e-02  1.8657022e-02 
   234 :  6.9975306e-02  2.5637988e-02 
   235 :  5.8573000e-02  4.4427000e-02 
   236 :  8.7394700e-01 -1.0063000e-02 
   237 :  8.7302366e-01  7.9981365e-04 
   238 :  8.7399769e-01  1.3113839e-02 
   239 :  8.7579400e-01  2.4995500e-02 
   240 :  9.0897558e-02  2.7447394e-03 
   241 :  7.1240962e-02 -1.8236433e-02 
   242 :  7.8260405e-02 -1.0914394e-02 
   243 :  8.5591751e-02 -3.2216381e-03 
   244 :  7.2024001e-02 -2.6153630e-02 
   245 :  6.5120000e-02 -3.3014000e-02 
   246 :  6.5212722e-02  3.9162884e-02 
   247 :  7.1684142e-02  3.3382863e-02 
   248 :  9.1439113e-02  1.1035812e-02 
   249 :  8.5292322e-02  1.9600230e-02 
   250 :  7.8471884e-02  2.6727245e-02 
   251 :  6.6494000e-02  4.6965500e-02 
   252 :  8.6280915e-01 -3.3792235e-04 
   253 :  8.6351500e-01 -1.0770000e-02 
   254 :  8.6178504e-01  9.2970624e-03 
   255 :  8.6379579e-01  1.7931190e-02 
   256 :  8.6545400e-01  2.6799000e-02 
   257 :  9.8851127e-02  4.2059377e-03 
   258 :  9.4200117e-02 -3.3166566e-03 
   259 :  7.9381159e-02 -1.9021229e-02 
   260 :  8.6779393e-02 -1.1500675e-02 
   261 :  8.0470186e-02 -2.7119617e-02 
   262 :  7.3188500e-02 -3.4232500e-02 
   263 :  7.3271546e-02  4.1343329e-02 
   264 :  8.0319022e-02  3.4889309e-02 
   265 :  1.0213288e-01  1.3074181e-02 
   266 :  9.4759993e-02  2.0709247e-02 
   267 :  8.7437565e-02  2.7976355e-02 
   268 :  7.4415000e-02  4.9504000e-02 
   269 :  8.5196622e-01 -6.8152750e-04 
   270 :  8.5236850e-01 -1.1520500e-02 
   271 :  8.4812923e-01  9.0400411e-03 
   272 :  8.5456599e-01  1.7283761e-02 
   273 :  8.5438950e-01  2.8668000e-02 
   274 :  1.0827854e-01  5.4936980e-03 
   275 :  1.0313484e-01 -2.5065130e-03 
   276 :  9.5542577e-02 -1.1640059e-02 
   277 :  8.7916467e-02 -1.9772666e-02 
   278 :  8.9042586e-02 -2.8054107e-02 
   279 :  8.1257000e-02 -3.5451000e-02 
   280 :  8.1754539e-02  4.3328378e-02 
   281 :  8.9188914e-02  3.6526302e-02 
   282 :  1.1217628e-01  1.3820770e-02 
   283 :  1.0446143e-01  2.1607635e-02 
   284 :  9.6749175e-02  2.9365845e-02 
   285 :  8.3236087e-02  5.1922888e-02 
   286 :  8.4047304e-01 -1.1243961e-03 
   287 :  8.4122200e-01 -1.2271000e-02 
   288 :  8.3851350e-01  9.9954679e-03 
   289 :  8.4147158e-01  1.9469879e-02 
   290 :  8.4332500e-01  3.0537000e-02 
   291 :  1.1997613e-01  5.9989252e-03 
   292 :  1.1268259e-01 -2.8151212e-03 
   293 :  1.0511807e-01 -1.1340465e-02 
   294 :  9.6994575e-02 -1.9978565e-02 
   295 :  9.8247830e-02 -2.8724153e-02 
   296 :  9.0229298e-02 -3.6491442e-02 
   297 :  9.0781206e-02  4.5342932e-02 
   298 :  9.8529650e-02  3.8292238e-02 
   299 :  1.2987650e-01  1.1169740e-02 
   300 :  1.2233840e-01  1.5930224e-02 
   301 :  1.1438500e-01  2.2763840e-02 
   302 :  1.0626451e-01  3.0897937e-02 
   303 :  9.1996000e-02  5.4325000e-02 
   304 :  8.2893879e-01 -1.5298723e-03 
   305 :  8.2940600e-01 -1.3060000e-02 
   306 :  8.2723548e-01  9.8888359e-03 
   307 :  8.2968881e-01  2.0693474e-02 
   308 :  8.3157950e-01  3.2453000e-02 
   309 :  1.7500000e-01  1.0000000e-02 
   310 :  1.3674530e-01  5.4975299e-03 
   311 :  1.2869409e-01  3.1383326e-03 
   312 :  1.2321602e-01 -3.0765083e-03 
   313 :  1.1637196e-01 -1.1459864e-02 
   314 :  1.0706132e-01 -2.0182261e-02 
   315 :  1.0809676e-01 -2.9100332e-02 
   316 :  9.8987000e-02 -3.7507000e-02 
   317 :  1.0007572e-01  4.7407894e-02 
   318 :  1.3929282e-01  1.3230534e-02 
   319 :  1.0819558e-01  3.9999141e-02 
   320 :  1.3233682e-01  1.9774869e-02 
   321 :  1.2416874e-01  2.5681261e-02 
   322 :  1.1625350e-01  3.2012673e-02 
   323 :  1.7078742e-01  1.4028227e-02 
   324 :  1.7548037e-01  1.4877258e-02 
   325 :  1.0185966e-01  5.6639262e-02 
   326 :  8.1680229e-01 -2.0329138e-03 
   327 :  8.1759000e-01 -1.3849000e-02 
   328 :  8.1587451e-01  9.9722175e-03 
   329 :  8.1793519e-01  2.2620708e-02 
   330 :  8.1983400e-01  3.4369000e-02 
   331 :  1.4796084e-01  1.3243638e-02 
   332 :  1.5535675e-01  1.3383203e-02 
   333 :  1.6595611e-01  1.2048268e-02 
   334 :  1.6945035e-01  9.2707928e-03 
   335 :  1.6141428e-01  1.0473429e-02 
   336 :  1.7548037e-01  5.1227419e-03 
   337 :  1.7071811e-01  5.3018235e-03 
   338 :  1.4453515e-01  6.7670970e-03 
   339 :  1.4207960e-01  1.1868329e-03 
   340 :  1.3429842e-01 -3.4916598e-03 
   341 :  1.2697997e-01 -1.2264178e-02 
   342 :  1.1775835e-01 -2.0529408e-02 
   343 :  1.1839277e-01 -2.9811742e-02 
   344 :  1.0886320e-01 -3.8367807e-02 
   345 :  1.1001274e-01  4.9313203e-02 
   346 :  1.5005846e-01  1.9172651e-02 
   347 :  1.4276497e-01  2.1681187e-02 
   348 :  1.1824507e-01  4.1450401e-02 
   349 :  1.3395605e-01  2.8713186e-02 
   350 :  1.2631756e-01  3.4379869e-02 
   351 :  1.6121640e-01  1.6421457e-02 
   352 :  1.5559017e-01  2.1199255e-02 
   353 :  1.7211668e-01  1.8968773e-02 
   354 :  1.6685686e-01  1.8232217e-02 
   355 :  1.7388273e-01  2.3390733e-02 
   356 :  1.7690301e-01  1.9567086e-02 
   357 :  1.1124800e-01  5.8842000e-02 
   358 :  8.0463720e-01 -2.5113861e-03 
   359 :  8.0515300e-01 -1.4674000e-02 
   360 :  7.9271600e-01 -1.5499000e-02 
   361 :  8.0380997e-01  9.5277242e-03 
   362 :  8.0606893e-01  2.3075297e-02 
   363 :  8.0745150e-01  3.6314500e-02 
   364 :  1.7690301e-01  4.3291419e-04 
   365 :  1.5229120e-01  6.8549291e-03 
   366 :  1.5828895e-01  7.0198472e-03 
   367 :  1.6489921e-01  4.8999350e-03 
   368 :  1.7205500e-01  1.0231327e-03 
   369 :  1.6789819e-01  1.0008400e-03 
   370 :  1.4884113e-01  5.8911750e-04 
   371 :  1.4355390e-01 -5.8217994e-03 
   372 :  1.3664332e-01 -1.3326099e-02 
   373 :  1.2943808e-01 -2.1931276e-02 
   374 :  1.2805169e-01 -3.0974867e-02 
   375 :  1.1823900e-01 -3.9185000e-02 
   376 :  1.2021506e-01  5.1069736e-02 
   377 :  1.5052267e-01  2.5544632e-02 
   378 :  1.5625313e-01  2.7253234e-02 
   379 :  1.4405706e-01  3.0837780e-02 
   380 :  1.2886198e-01  4.2897791e-02 
   381 :  1.3706848e-01  3.6700663e-02 
   382 :  1.6232542e-01  2.3863272e-02 
   383 :  1.6872520e-01  2.3197918e-02 
   384 :  1.7076354e-01  2.7201229e-02 
   385 :  1.7596824e-01  2.7384430e-02 
   386 :  1.7921326e-01  2.3889256e-02 
   387 :  1.2201458e-01  6.0992631e-02 
   388 :  7.9189252e-01 -3.0618994e-03 
   389 :  7.7970800e-01 -1.6355500e-02 
   390 :  7.9028699e-01  9.3372812e-03 
   391 :  7.9291543e-01  2.4927600e-02 
   392 :  7.9506900e-01  3.8260000e-02 
   393 :  1.7921326e-01 -3.8892558e-03 
   394 :  1.7391065e-01 -3.3910592e-03 
   395 :  1.5716293e-01  4.1254229e-04 
   396 :  1.6355436e-01 -2.0685540e-03 
   397 :  1.6862968e-01 -3.1614825e-03 
   398 :  1.5172879e-01 -6.8491991e-03 
   399 :  1.4593324e-01 -1.3811080e-02 
   400 :  1.3832922e-01 -2.1827832e-02 
   401 :  1.3799502e-01 -3.0212457e-02 
   402 :  1.2897059e-01 -3.9863696e-02 
   403 :  1.3076091e-01  5.2892956e-02 
   404 :  1.5942698e-01  3.0539578e-02 
   405 :  1.5323405e-01  3.3189016e-02 
   406 :  1.4696904e-01  3.8811925e-02 
   407 :  1.3921754e-01  4.5481523e-02 
   408 :  1.6605393e-01  2.9976580e-02 
   409 :  1.7258415e-01  3.1400060e-02 
   410 :  1.7776401e-01  3.1089523e-02 
   411 :  1.8232233e-01  2.7677670e-02 
   412 :  1.3209400e-01  6.3006000e-02 
   413 :  7.6670000e-01 -1.7212000e-02 
   414 :  7.7885380e-01 -9.7221807e-04 
   415 :  7.6584522e-01 -4.2038865e-03 
   416 :  7.7825569e-01  1.4393039e-02 
   417 :  7.8016665e-01  2.7236702e-02 
   418 :  7.8209800e-01  4.0216000e-02 
   419 :  1.7636962e-01 -7.7939272e-03 
   420 :  1.8232233e-01 -7.6776695e-03 
   421 :  1.7071326e-01 -7.6754990e-03 
   422 :  1.5921635e-01 -7.6296207e-03 
   423 :  1.6566430e-01 -8.2730261e-03 
   424 :  1.5406565e-01 -1.4322401e-02 
   425 :  1.4719759e-01 -2.2266762e-02 
   426 :  1.4896265e-01 -3.1314795e-02 
   427 :  1.3893700e-01 -4.0494000e-02 
   428 :  1.4129681e-01  5.4760625e-02 
   429 :  1.6105698e-01  3.6195252e-02 
   430 :  1.5614077e-01  4.1518124e-02 
   431 :  1.4949527e-01  4.6993831e-02 
   432 :  1.6887759e-01  3.6144153e-02 
   433 :  1.8611074e-01  3.0786740e-02 
   434 :  1.7659340e-01  3.5833201e-02 
   435 :  1.8222994e-01  3.3718297e-02 
   436 :  1.4379351e-01  6.4976417e-02 
   437 :  7.5317250e-01 -1.8095500e-02 
   438 :  7.5254130e-01 -4.7942470e-03 
   439 :  7.6387800e-01  7.2957284e-03 
   440 :  7.6556721e-01  1.8034466e-02 
   441 :  7.6719181e-01  2.9197879e-02 
   442 :  7.6912700e-01  4.2172000e-02 
   443 :  1.7370594e-01 -1.1555284e-02 
   444 :  1.7806095e-01 -1.1938550e-02 
   445 :  1.8611074e-01 -1.0786740e-02 
   446 :  1.8238231e-01 -1.3966194e-02 
   447 :  1.9043291e-01 -1.3096988e-02 
   448 :  1.9512274e-01 -1.4519632e-02 
   449 :  1.6962528e-01 -1.3681369e-02 
   450 :  1.6260325e-01 -1.4465603e-02 
   451 :  1.5784943e-01 -2.1820003e-02 
   452 :  1.5951519e-01 -3.1959624e-02 
   453 :  1.5060400e-01 -4.0996801e-02 
   454 :  1.5262882e-01  5.5919408e-02 
   455 :  1.6592619e-01  4.2697029e-02 
   456 :  1.6086131e-01  4.9296562e-02 
   457 :  1.7473632e-01  4.1639875e-02 
   458 :  1.9043291e-01  3.3096988e-02 
   459 :  1.8663062e-01  3.6097599e-02 
   460 :  1.8195293e-01  3.9272489e-02 
   461 :  1.9512274e-01  3.4519632e-02 
   462 :  1.5444900e-01  6.6771000e-02 
   463 :  7.3964500e-01 -1.8979000e-02 
   464 :  7.3876339e-01 -5.4513769e-03 
   465 :  7.5027472e-01  6.4116396e-03 
   466 :  7.5178737e-01  1.7221855e-02 
   467 :  7.5369344e-01  3.0606782e-02 
   468 :  7.5561800e-01  4.4120500e-02 
   469 :  2.0000000e-01 -1.5000000e-02 
   470 :  1.7535835e-01 -1.7273348e-02 
   471 :  1.8658674e-01 -1.6110222e-02 
   472 :  1.8212269e-01 -1.8890011e-02 
   473 :  1.9101425e-01 -1.7933817e-02 
   474 :  1.9569261e-01 -1.9385325e-02 
   475 :  1.6970659e-01 -2.2845455e-02 
   476 :  1.6896444e-01 -3.3335686e-02 
   477 :  1.6100400e-01 -4.1445000e-02 
   478 :  1.6382751e-01  5.8376306e-02 
   479 :  1.7298649e-01  5.0065488e-02 
   480 :  1.8208134e-01  4.5826891e-02 
   481 :  1.9112932e-01  3.7906570e-02 
   482 :  1.8808959e-01  4.1976501e-02 
   483 :  1.9635169e-01  3.8645359e-02 
   484 :  2.0000000e-01  3.5000000e-02 
   485 :  2.0487726e-01  3.4519632e-02 
   486 :  1.6706496e-01  6.8536057e-02 
   487 :  7.2499233e-01 -6.1138233e-03 
   488 :  7.2561631e-01 -1.9887376e-02 
   489 :  7.3778782e-01  8.2103247e-03 
   490 :  7.3955783e-01  2.0220588e-02 
   491 :  7.2374001e-01  7.7258631e-03 
   492 :  7.3972553e-01  3.3125443e-02 
   493 :  7.4210900e-01  4.6069000e-02 
   494 :  2.0487726e-01 -1.4519632e-02 
   495 :  2.0060167e-01 -1.9776949e-02 
   496 :  1.7948166e-01 -2.4525637e-02 
   497 :  1.8634742e-01 -2.2200200e-02 
   498 :  1.9161661e-01 -2.3457802e-02 
   499 :  1.9669281e-01 -2.4009707e-02 
   500 :  1.7723883e-01 -3.2587160e-02 
   501 :  1.7366603e-01 -4.1776328e-02 
   502 :  2.2451963e-01  1.4877258e-02 
   503 :  1.7530735e-01  5.9480986e-02 
   504 :  1.8291376e-01  5.3520578e-02 
   505 :  1.8958172e-01  4.8562658e-02 
   506 :  1.9497503e-01  4.3214369e-02 
   507 :  2.0070419e-01  3.9849999e-02 
   508 :  2.0623163e-01  4.0307741e-02 
   509 :  2.1098973e-01  3.7786816e-02 
   510 :  2.0956709e-01  3.3096988e-02 
   511 :  2.1388926e-01  3.0786740e-02 
   512 :  2.1767767e-01  2.7677670e-02 
   513 :  2.2309699e-01  1.9567086e-02 
   514 :  2.2078674e-01  2.3889256e-02 
   515 :  1.7822200e-01  7.0097000e-02 
   516 :  7.1166100e-01 -2.0791000e-02 
   517 :  7.1075979e-01 -6.8355325e-03 
   518 :  7.1027431e-01  6.6235058e-03 
   519 :  7.2483656e-01  2.1231948e-02 
   520 :  7.1065995e-01  1.9580113e-02 
   521 :  7.2611940e-01  3.4658522e-02 
   522 :  7.2811049e-01  4.7991483e-02 
   523 :  2.2948956e-01  1.4857813e-02 
   524 :  2.2500000e-01  1.0000000e-02 
   525 :  2.2451963e-01  5.1227419e-03 
   526 :  2.3059218e-01  9.5671781e-03 
   527 :  2.2309699e-01  4.3291419e-04 
   528 :  2.2078674e-01 -3.8892558e-03 
   529 :  2.0956709e-01 -1.3096988e-02 
   530 :  2.1388926e-01 -1.0786740e-02 
   531 :  2.0601214e-01 -1.9463157e-02 
   532 :  2.0184313e-01 -2.5379959e-02 
   533 :  1.8726023e-01 -3.0983855e-02 
   534 :  1.9584160e-01 -3.0470395e-02 
   535 :  1.8435400e-01 -4.2056000e-02 
   536 :  2.2810453e-01  2.0132176e-02 
   537 :  1.8640871e-01  6.1857417e-02 
   538 :  1.9103352e-01  5.5207163e-02 
   539 :  1.9727556e-01  5.1210027e-02 
   540 :  2.0138976e-01  4.5318040e-02 
   541 :  2.0800274e-01  4.6418736e-02 
   542 :  2.1289006e-01  4.2954452e-02 
   543 :  2.1609640e-01  3.5878009e-02 
   544 :  2.2046637e-01  3.0832361e-02 
   545 :  2.2561244e-01  2.5530407e-02 
   546 :  1.9086625e-01  7.1533217e-02 
   547 :  6.2500000e-01  1.0000000e-02 
   548 :  6.9568798e-01 -8.8772166e-03 
   549 :  6.9665977e-01 -2.1751916e-02 
   550 :  6.2920262e-01  1.0258791e-02 
   551 :  6.2451963e-01  1.4877258e-02 
   552 :  6.9593748e-01  6.0235792e-03 
   553 :  6.8392298e-01  1.1232888e-02 
   554 :  6.9889643e-01  2.4932039e-02 
   555 :  7.1180501e-01  3.6285215e-02 
   556 :  7.1411900e-01  4.9913000e-02 
   557 :  2.3423260e-01  1.7434112e-02 
   558 :  2.3560631e-01  1.1810674e-02 
   559 :  2.2920645e-01  4.5285242e-03 
   560 :  2.3578292e-01  6.4491770e-03 
   561 :  2.2749102e-01 -2.7457121e-03 
   562 :  2.1767767e-01 -7.6776695e-03 
   563 :  2.2457515e-01 -6.9983266e-03 
   564 :  2.1699833e-01 -1.4575154e-02 
   565 :  2.1230146e-01 -1.8384121e-02 
   566 :  2.0780728e-01 -2.5712733e-02 
   567 :  2.0436990e-01 -3.2891245e-02 
   568 :  1.9680240e-01 -4.2203060e-02 
   569 :  2.3331800e-01  2.3075590e-02 
   570 :  1.9898787e-01  6.0885135e-02 
   571 :  2.0520350e-01  5.2531715e-02 
   572 :  2.1319087e-01  5.0076434e-02 
   573 :  2.1875238e-01  4.6000718e-02 
   574 :  2.2035233e-01  4.0175572e-02 
   575 :  2.2451998e-01  3.5513133e-02 
   576 :  2.3105608e-01  2.9319430e-02 
   577 :  2.0331300e-01  7.2947000e-02 
   578 :  6.2451963e-01  5.1227419e-03 
   579 :  6.2909238e-01  2.8709297e-03 
   580 :  6.3617700e-01  1.8833537e-03 
   581 :  6.7833080e-01  7.8149917e-04 
   582 :  6.6123745e-01  3.2235476e-03 
   583 :  6.4383040e-01 -4.2277525e-05 
   584 :  6.5235863e-01 -9.7150294e-04 
   585 :  6.7848436e-01 -1.0835592e-02 
   586 :  6.8285800e-01 -2.2636000e-02 
   587 :  6.2309699e-01  1.9567086e-02 
   588 :  6.4183629e-01  8.6086293e-03 
   589 :  6.3537875e-01  1.0702263e-02 
   590 :  6.3033807e-01  1.4972500e-02 
   591 :  6.2833905e-01  2.0296123e-02 
   592 :  6.5004863e-01  9.9576759e-03 
   593 :  6.5952673e-01  1.5360120e-02 
   594 :  6.7306978e-01  1.5663662e-02 
   595 :  6.8658191e-01  2.3244043e-02 
   596 :  6.9352392e-01  3.8224778e-02 
   597 :  6.9914477e-01  5.1862821e-02 
   598 :  2.3990095e-01  1.8478525e-02 
   599 :  2.4230764e-01  1.1724657e-02 
   600 :  2.4313831e-01  5.6909845e-03 
   601 :  2.2861594e-01 -9.3623585e-03 
   602 :  2.3558959e-01  2.8571533e-04 
   603 :  2.3292698e-01 -5.7396826e-03 
   604 :  2.4379669e-01 -2.2812458e-04 
   605 :  2.2246129e-01 -1.2878640e-02 
   606 :  2.2894092e-01 -1.5032864e-02 
   607 :  2.1864859e-01 -2.0406537e-02 
   608 :  2.1402588e-01 -2.5666949e-02 
   609 :  2.1283631e-01 -3.3248571e-02 
   610 :  2.0890200e-01 -4.2346000e-02 
   611 :  2.3967047e-01  2.5382293e-02 
   612 :  2.3827469e-01  3.1388531e-02 
   613 :  2.1237417e-01  6.1281916e-02 
   614 :  2.2131080e-01  5.2552614e-02 
   615 :  2.2614830e-01  4.4076306e-02 
   616 :  2.3248163e-01  3.7183398e-02 
   617 :  2.2976711e-01  5.1744323e-02 
   618 :  2.1561419e-01  7.4042674e-02 
   619 :  6.2741916e-01 -1.8773338e-03 
   620 :  6.2309699e-01  4.3291419e-04 
   621 :  6.3139098e-01 -3.8849204e-03 
   622 :  6.3785648e-01 -6.6707147e-03 
   623 :  6.6304128e-01 -9.4481153e-03 
   624 :  6.4849707e-01 -1.0505337e-02 
   625 :  6.6697713e-01 -2.3639251e-02 
   626 :  6.2078674e-01  2.3889256e-02 
   627 :  6.2565042e-01  2.5409842e-02 
   628 :  6.4238405e-01  1.6977586e-02 
   629 :  6.3522367e-01  1.8395333e-02 
   630 :  6.3311932e-01  2.4555064e-02 
   631 :  6.5069016e-01  2.1862255e-02 
   632 :  6.6258765e-01  2.6093460e-02 
   633 :  6.7527925e-01  2.8489956e-02 
   634 :  6.8048208e-01  4.0328852e-02 
   635 :  6.8526600e-01  5.3670000e-02 
   636 :  2.4671035e-01  1.9472010e-02 
   637 :  2.5003257e-01  1.1467232e-02 
   638 :  2.5072968e-01  4.2735734e-03 
   639 :  2.3407944e-01 -1.2182558e-02 
   640 :  2.4024300e-01 -6.8791325e-03 
   641 :  2.4950101e-01 -3.9799333e-03 
   642 :  2.3450537e-01 -2.0137811e-02 
   643 :  2.2551742e-01 -2.0639118e-02 
   644 :  2.2160797e-01 -3.0576120e-02 
   645 :  2.2057143e-01 -4.2342816e-02 
   646 :  2.4690562e-01  2.8452115e-02 
   647 :  2.4175999e-01  3.7148951e-02 
   648 :  2.2727983e-01  6.2047787e-02 
   649 :  2.3692416e-01  4.5844525e-02 
   650 :  2.3717248e-01  5.4200384e-02 
   651 :  2.2961800e-01  7.5290000e-02 
   652 :  6.2605609e-01 -6.5396163e-03 
   653 :  6.2078674e-01 -3.8892558e-03 
   654 :  6.3027038e-01 -1.1430396e-02 
   655 :  6.3719544e-01 -1.5894809e-02 
   656 :  6.5335200e-01 -2.4500000e-02 
   657 :  6.2241070e-01  2.9818554e-02 
   658 :  6.1767767e-01  2.7677670e-02 
   659 :  6.2956059e-01  3.0311797e-02 
   660 :  6.2482970e-01  3.3865197e-02 
   661 :  6.4141381e-01  2.6291904e-02 
   662 :  6.3536675e-01  3.0857473e-02 
   663 :  6.5120125e-01  3.3601713e-02 
   664 :  6.6425935e-01  4.2331525e-02 
   665 :  6.6958662e-01  5.5593837e-02 
   666 :  6.1388926e-01  3.0786740e-02 
   667 :  2.5569875e-01  1.9371252e-02 
   668 :  2.5805953e-01  9.4727865e-03 
   669 :  2.5746604e-01  1.6747920e-03 
   670 :  2.4140769e-01 -1.6442607e-02 
   671 :  2.4663886e-01 -1.1635109e-02 
   672 :  2.5254058e-01 -1.1442123e-02 
   673 :  2.5738820e-01 -7.5074737e-03 
   674 :  2.4219171e-01 -2.3650674e-02 
   675 :  2.3560631e-01 -3.0193540e-02 
   676 :  2.3455600e-01 -4.2339000e-02 
   677 :  2.5696428e-01  2.9697323e-02 
   678 :  2.4976574e-01  3.5813629e-02 
   679 :  2.4620812e-01  4.4211510e-02 
   680 :  2.3907446e-01  6.4097856e-02 
   681 :  2.4429296e-01  5.3735816e-02 
   682 :  2.4253916e-01  7.6144276e-02 
   683 :  2.6590488e-01  3.1037685e-02 
   684 :  6.2146608e-01 -1.0786740e-02 
   685 :  6.1767767e-01 -7.6776695e-03 
   686 :  6.2553068e-01 -1.6840918e-02 
   687 :  6.3585204e-01 -2.5586297e-02 
   688 :  6.1833172e-01  3.3970165e-02 
   689 :  6.2279690e-01  3.8619975e-02 
   690 :  6.3201841e-01  3.7517221e-02 
   691 :  6.4072160e-01  3.5611379e-02 
   692 :  6.4786711e-01  4.5761378e-02 
   693 :  6.5566500e-01  5.7302000e-02 
   694 :  6.1236367e-01  3.6329069e-02 
   695 :  6.0956709e-01  3.3096988e-02 
   696 :  6.0487726e-01  3.4519632e-02 
   697 :  2.6545867e-01  2.2425913e-02 
   698 :  2.6580298e-01  1.3547351e-02 
   699 :  2.6731745e-01  3.8608520e-03 
   700 :  2.6695151e-01 -8.0990039e-03 
   701 :  2.4993162e-01 -1.9983892e-02 
   702 :  2.5963683e-01 -1.5703537e-02 
   703 :  2.4950757e-01 -3.1495520e-02 
   704 :  2.4693267e-01 -4.2210898e-02 
   705 :  2.5788003e-01  4.0329492e-02 
   706 :  2.5421665e-01  5.1741792e-02 
   707 :  2.5349964e-01  6.3645317e-02 
   708 :  2.5702500e-01  7.7102000e-02 
   709 :  2.7449678e-01  2.8258295e-02 
   710 :  2.7047260e-01  4.0169917e-02 
   711 :  6.1699833e-01 -1.4575154e-02 
   712 :  6.1388926e-01 -1.0786740e-02 
   713 :  6.0956709e-01 -1.3096988e-02 
   714 :  6.1835246e-01 -2.0606134e-02 
   715 :  6.2325900e-01 -2.6368000e-02 
   716 :  6.1507364e-01  4.1424567e-02 
   717 :  6.2373103e-01  4.6322725e-02 
   718 :  6.3509259e-01  4.7348905e-02 
   719 :  6.3907352e-01  5.9207875e-02 
   720 :  6.0762836e-01  3.9331467e-02 
   721 :  6.0171160e-01  3.8897628e-02 
   722 :  6.0000000e-01  3.5000000e-02 
   723 :  5.9512274e-01  3.4519632e-02 
   724 :  2.7587279e-01  1.8044920e-02 
   725 :  2.7483196e-01  8.2592047e-03 
   726 :  2.7793035e-01 -3.2899812e-03 
   727 :  2.6925071e-01 -1.9739910e-02 
   728 :  2.8018052e-01 -1.5344054e-02 
   729 :  2.6219410e-01 -2.8720936e-02 
   730 :  2.6122200e-01 -4.2063000e-02 
   731 :  2.6692394e-01  5.3864576e-02 
   732 :  2.6688718e-01  6.6088757e-02 
   733 :  2.7062892e-01  7.7706182e-02 
   734 :  2.8642311e-01  2.5883680e-02 
   735 :  2.8273373e-01  3.7221474e-02 
   736 :  2.8354881e-01  5.0100985e-02 
   737 :  6.0487726e-01 -1.4519632e-02 
   738 :  6.0000000e-01 -1.5000000e-02 
   739 :  6.1139462e-01 -1.8352062e-02 
   740 :  6.1457968e-01 -2.6894536e-02 
   741 :  6.0617505e-01 -2.0085721e-02 
   742 :  6.0843555e-01  4.5662938e-02 
   743 :  6.1342339e-01  5.1050893e-02 
   744 :  6.2543100e-01  6.0775000e-02 
   745 :  6.0208183e-01  4.4282895e-02 
   746 :  5.9043291e-01  3.3096988e-02 
   747 :  5.9585959e-01  3.9850095e-02 
   748 :  5.9101693e-01  3.6868348e-02 
   749 :  2.8923213e-01  9.9579206e-03 
   750 :  3.0231716e-01  1.2161096e-02 
   751 :  2.9044276e-01 -5.2124970e-03 
   752 :  2.9111386e-01 -1.6253949e-02 
   753 :  2.7723212e-01 -2.8896114e-02 
   754 :  2.8784007e-01 -2.7808960e-02 
   755 :  2.7436498e-01 -4.1818058e-02 
   756 :  3.1572108e-01  1.1351519e-02 
   757 :  2.8206849e-01  6.3683887e-02 
   758 :  2.8541800e-01  7.8363000e-02 
   759 :  3.0014994e-01  2.4681489e-02 
   760 :  3.1396786e-01  2.2946332e-02 
   761 :  2.9644034e-01  3.9360827e-02 
   762 :  2.9650239e-01  5.2296248e-02 
   763 :  5.9512274e-01 -1.4519632e-02 
   764 :  5.9693144e-01 -1.9777188e-02 
   765 :  6.0134372e-01 -2.0121959e-02 
   766 :  6.0708458e-01 -2.7349230e-02 
   767 :  6.0397054e-01  5.2224869e-02 
   768 :  6.0964701e-01  6.2458276e-02 
   769 :  5.8611074e-01  3.0786740e-02 
   770 :  5.9339947e-01  4.9136078e-02 
   771 :  5.8650163e-01  3.6012098e-02 
   772 :  5.8876341e-01  4.1309925e-02 
   773 :  3.6894924e-01  9.9542951e-03 
   774 :  3.6540391e-01  1.2311791e-02 
   775 :  3.2904233e-01  9.9863024e-03 
   776 :  3.0397088e-01 -6.3827739e-04 
   777 :  3.0160898e-01 -1.3067666e-02 
   778 :  3.1673788e-01 -6.7358718e-04 
   779 :  3.0170949e-01 -2.6682955e-02 
   780 :  2.8880200e-01 -4.1549000e-02 
   781 :  3.7059575e-01  5.5109312e-03 
   782 :  3.2606865e-01  2.0126037e-02 
   783 :  3.3599289e-01  1.8117522e-02 
   784 :  3.2417729e-01  2.9530105e-02 
   785 :  2.9793077e-01  6.5062402e-02 
   786 :  3.0003440e-01  7.8712675e-02 
   787 :  3.1420939e-01  3.7156816e-02 
   788 :  3.0951591e-01  5.1237874e-02 
   789 :  3.2863121e-01  3.7941176e-02 
   790 :  3.4536274e-01  1.9857526e-02 
   791 :  3.6630429e-01  1.7638470e-02 
   792 :  3.7069549e-01  1.4102500e-02 
   793 :  3.7500000e-01  1.0000000e-02 
   794 :  5.8232233e-01  2.7677670e-02 
   795 :  5.7921326e-01  2.3889256e-02 
   796 :  5.9043291e-01 -1.3096988e-02 
   797 :  5.9156371e-01 -1.7923644e-02 
   798 :  5.9357503e-01 -2.3317866e-02 
   799 :  5.9998344e-01 -2.7780025e-02 
   800 :  5.9468400e-01  6.4054000e-02 
   801 :  5.7800099e-01  3.1073506e-02 
   802 :  5.8560064e-01  5.5298714e-02 
   803 :  5.8092116e-01  3.4357012e-02 
   804 :  5.8297733e-01  4.6292396e-02 
   805 :  5.8282552e-01  3.9700535e-02 
   806 :  3.6004182e-01  1.4316031e-02 
   807 :  3.6358510e-01  7.2560156e-03 
   808 :  3.6606338e-01  1.6383905e-03 
   809 :  3.5081961e-01  1.2200195e-02 
   810 :  3.4157247e-01  1.0215433e-02 
   811 :  3.2857155e-01 -1.6140282e-03 
   812 :  3.3691218e-01  1.9530197e-03 
   813 :  3.1563377e-01 -1.3644621e-02 
   814 :  3.2870400e-01 -1.2314760e-02 
   815 :  3.1387845e-01 -2.8832428e-02 
   816 :  3.0337054e-01 -4.1180118e-02 
   817 :  3.7205268e-01  1.0218925e-03 
   818 :  3.7548037e-01  5.1227419e-03 
   819 :  3.3751044e-01  2.8824444e-02 
   820 :  3.1412750e-01  6.4573278e-02 
   821 :  3.1467800e-01  7.9063000e-02 
   822 :  3.2643233e-01  5.0066687e-02 
   823 :  3.3869997e-01  3.9930581e-02 
   824 :  3.5499410e-01  2.1000249e-02 
   825 :  3.4962205e-01  2.7012637e-02 
   826 :  3.6281244e-01  2.3505948e-02 
   827 :  3.6894276e-01  2.2206987e-02 
   828 :  3.7209799e-01  1.8982952e-02 
   829 :  3.7548037e-01  1.4877258e-02 
   830 :  5.7690301e-01  1.9567086e-02 
   831 :  5.7548037e-01  1.4877258e-02 
   832 :  5.7603381e-01  2.7617692e-02 
   833 :  5.7492269e-01  2.3456329e-02 
   834 :  5.7690301e-01  4.3291419e-04 
   835 :  5.7921326e-01 -3.8892558e-03 
   836 :  5.8611074e-01 -1.0786740e-02 
   837 :  5.8660606e-01 -1.6185632e-02 
   838 :  5.8232233e-01 -7.6776695e-03 
   839 :  5.8864211e-01 -2.2328271e-02 
   840 :  5.9269800e-01 -2.8222000e-02 
   841 :  5.7548037e-01  5.1227419e-03 
   842 :  5.7500000e-01  1.0000000e-02 
   843 :  5.8077620e-01  6.5415794e-02 
   844 :  5.7359191e-01  3.3898834e-02 
   845 :  5.7676195e-01  5.0313713e-02 
   846 :  5.7740922e-01  4.0971152e-02 
   847 :  3.5597789e-01  6.2532518e-03 
   848 :  3.6079883e-01  1.1544593e-03 
   849 :  3.6891200e-01 -2.3052346e-03 
   850 :  3.6377958e-01 -5.0143991e-03 
   851 :  3.4726581e-01  1.9239325e-04 
   852 :  3.3729752e-01 -7.1280753e-03 
   853 :  3.3547036e-01 -1.6599314e-02 
   854 :  3.2580973e-01 -2.5640390e-02 
   855 :  3.1719800e-01 -4.0830000e-02 
   856 :  3.7389561e-01 -3.3872874e-03 
   857 :  3.7690301e-01  4.3291419e-04 
   858 :  3.4824978e-01  3.7919212e-02 
   859 :  3.3033125e-01  7.9133435e-02 
   860 :  3.2946025e-01  6.5435583e-02 
   861 :  3.4293046e-01  5.0958636e-02 
   862 :  3.5780152e-01  3.1193944e-02 
   863 :  3.6582430e-01  3.1118729e-02 
   864 :  3.6991349e-01  2.7466402e-02 
   865 :  3.7389054e-01  2.3431973e-02 
   866 :  3.7690301e-01  1.9567086e-02 
   867 :  5.7209343e-01  1.8870677e-02 
   868 :  5.7066330e-01  1.4206042e-02 
   869 :  5.7039415e-01  2.7013000e-02 
   870 :  5.6722104e-01  3.3068231e-02 
   871 :  5.7628170e-01 -7.7700563e-03 
   872 :  5.7205268e-01  1.0218925e-03 
   873 :  5.7389561e-01 -3.3872874e-03 
   874 :  5.8206383e-01 -1.4401578e-02 
   875 :  5.8351094e-01 -2.0414970e-02 
   876 :  5.7802608e-01 -1.2722253e-02 
   877 :  5.8474681e-01 -2.8690444e-02 
   878 :  5.7320440e-01 -1.2148128e-02 
   879 :  5.7059575e-01  5.5109312e-03 
   880 :  5.6893411e-01  9.9587582e-03 
   881 :  5.6538284e-01  1.2973295e-02 
   882 :  5.6707618e-01  5.4012007e-02 
   883 :  5.6354500e-01  6.7103000e-02 
   884 :  5.6669951e-01  4.1229632e-02 
   885 :  3.5609359e-01 -5.6163780e-03 
   886 :  3.6180587e-01 -1.1469616e-02 
   887 :  3.7036996e-01 -7.3369355e-03 
   888 :  3.6713264e-01 -1.2682060e-02 
   889 :  3.4645564e-01 -1.3442300e-02 
   890 :  3.3719291e-01 -2.6901768e-02 
   891 :  3.3259064e-01 -4.0359838e-02 
   892 :  3.7628170e-01 -7.7700563e-03 
   893 :  3.7921326e-01 -3.8892558e-03 
   894 :  3.5695412e-01  3.9666824e-02 
   895 :  3.5422989e-01  4.7847420e-02 
   896 :  3.4468000e-01  7.9198000e-02 
   897 :  3.4687643e-01  6.5289760e-02 
   898 :  3.5367546e-01  5.8112850e-02 
   899 :  3.7226246e-01  3.3738754e-02 
   900 :  3.6604206e-01  3.8508564e-02 
   901 :  3.7603381e-01  2.7617692e-02 
   902 :  3.7800394e-01  3.1937736e-02 
   903 :  3.7921326e-01  2.3889256e-02 
   904 :  5.7490553e-01 -2.9270241e-02 
   905 :  5.6574362e-01  1.8955854e-02 
   906 :  5.6406584e-01  2.5846909e-02 
   907 :  5.5980763e-01  3.2219716e-02 
   908 :  5.7036996e-01 -7.3369355e-03 
   909 :  5.6604866e-01  1.6263130e-03 
   910 :  5.6890905e-01 -2.3076501e-03 
   911 :  5.7549590e-01 -2.0468926e-02 
   912 :  5.6709563e-01 -1.2417226e-02 
   913 :  5.6313657e-01  7.6163018e-03 
   914 :  5.6077835e-01  1.4091505e-02 
   915 :  5.5959988e-01  2.2199167e-03 
   916 :  5.5735747e-01  5.4218904e-02 
   917 :  5.4896528e-01  6.8396777e-02 
   918 :  5.5370385e-01  4.1170099e-02 
   919 :  3.7925137e-01 -1.1840648e-02 
   920 :  3.5741213e-01 -1.6761541e-02 
   921 :  3.6461143e-01 -1.7273701e-02 
   922 :  3.7406501e-01 -1.4773653e-02 
   923 :  3.6900459e-01 -1.9997161e-02 
   924 :  3.5237451e-01 -2.7478457e-02 
   925 :  3.4630300e-01 -3.9941000e-02 
   926 :  3.8338685e-01 -1.3209065e-02 
   927 :  3.8232233e-01 -7.6776695e-03 
   928 :  3.6370455e-01  4.5559584e-02 
   929 :  3.6010731e-01  5.3379356e-02 
   930 :  3.6091855e-01  7.8969938e-02 
   931 :  3.6176741e-01  6.5025594e-02 
   932 :  3.7713724e-01  3.6119079e-02 
   933 :  3.7343621e-01  4.1984893e-02 
   934 :  3.8222994e-01  3.3718297e-02 
   935 :  3.8232233e-01  2.7677670e-02 
   936 :  5.6178900e-01 -3.0043000e-02 
   937 :  5.5643041e-01  2.2091656e-02 
   938 :  5.4917367e-01  3.0989898e-02 
   939 :  5.6180438e-01 -5.4587547e-03 
   940 :  5.6059047e-01 -1.6552224e-02 
   941 :  5.5345092e-01  9.1337936e-03 
   942 :  5.5376802e-01  2.7421169e-04 
   943 :  5.4397354e-01  5.5147380e-02 
   944 :  5.3213800e-01  6.9890000e-02 
   945 :  5.4119067e-01  4.1787968e-02 
   946 :  3.8215324e-01 -1.8493962e-02 
   947 :  3.6547776e-01 -2.6317318e-02 
   948 :  3.7558563e-01 -2.5258423e-02 
   949 :  3.6269876e-01 -3.9375895e-02 
   950 :  3.8754398e-01 -2.0379096e-02 
   951 :  3.8658674e-01 -1.6110222e-02 
   952 :  3.8611074e-01 -1.0786740e-02 
   953 :  3.7145768e-01  5.1970450e-02 
   954 :  3.7529700e-01  7.8768000e-02 
   955 :  3.7503218e-01  6.4390576e-02 
   956 :  3.8171542e-01  3.9398537e-02 
   957 :  3.8192612e-01  4.6163520e-02 
   958 :  3.8663062e-01  3.6097599e-02 
   959 :  3.8611074e-01  3.0786740e-02 
   960 :  5.3779519e-01  3.1586794e-02 
   961 :  5.4884097e-01 -1.8892944e-02 
   962 :  5.4784858e-01 -3.0833238e-02 
   963 :  5.4239085e-01  1.9670670e-02 
   964 :  5.4910287e-01 -7.8864190e-03 
   965 :  5.4307672e-01  4.2056758e-03 
   966 :  5.2946821e-01  5.5776506e-02 
   967 :  5.1706146e-01  7.1080354e-02 
   968 :  5.2777782e-01  4.0810314e-02 
   969 :  3.8732401e-01 -2.6186216e-02 
   970 :  3.7601300e-01 -3.8917000e-02 
   971 :  3.9119769e-01 -2.2122169e-02 
   972 :  3.9393784e-01 -2.6404662e-02 
   973 :  3.9106301e-01 -1.7579881e-02 
   974 :  3.9043291e-01 -1.3096988e-02 
   975 :  3.9139793e-01  7.8259353e-02 
   976 :  3.8390693e-01  5.5111914e-02 
   977 :  3.8767888e-01  6.5750832e-02 
   978 :  3.9786355e-01  6.7592460e-02 
   979 :  3.8820795e-01  4.2036093e-02 
   980 :  3.8921727e-01  4.8446759e-02 
   981 :  3.9112932e-01  3.7906570e-02 
   982 :  3.9043291e-01  3.3096988e-02 
   983 :  5.2689154e-01  2.5753251e-02 
   984 :  5.3787549e-01 -1.8627624e-02 
   985 :  5.3065300e-01 -3.1808000e-02 
   986 :  5.2765562e-01  9.5098553e-03 
   987 :  5.3234463e-01 -5.1546825e-03 
   988 :  5.0058800e-01  7.2381000e-02 
   989 :  5.1429926e-01  5.5692846e-02 
   990 :  5.1343698e-01  3.9809513e-02 
   991 :  4.8414662e-01  7.3509212e-02 
   992 :  3.9226573e-01 -3.8312142e-02 
   993 :  4.0061271e-01 -2.8211059e-02 
   994 :  3.9611958e-01 -2.0060989e-02 
   995 :  3.9512274e-01 -1.4519632e-02 
   996 :  4.6902300e-01  7.4547000e-02 
   997 :  4.0635000e-01  7.7787000e-02 
   998 :  4.2107900e-01  7.7112760e-02 
   999 :  4.0740622e-01  6.1414676e-02 
  1000 :  3.9648471e-01  5.4750438e-02 
  1001 :  4.0629110e-01  5.2256445e-02 
  1002 :  3.9556064e-01  4.4171830e-02 
  1003 :  3.9638557e-01  3.8616870e-02 
  1004 :  3.9512274e-01  3.4519632e-02 
  1005 :  5.1483238e-01  1.3658982e-02 
  1006 :  5.0940552e-01  2.5910200e-02 
  1007 :  5.2146109e-01 -1.7834220e-02 
  1008 :  5.1584380e-01 -3.2606742e-02 
  1009 :  4.9941200e-01 -3.3493000e-02 
  1010 :  5.1285415e-01 -1.5400479e-03 
  1011 :  4.8300135e-01 -3.4321810e-02 
  1012 :  4.9483079e-01  5.7589164e-02 
  1013 :  4.9847352e-01  4.0702371e-02 
  1014 :  4.7651356e-01  5.9786348e-02 
  1015 :  4.0626900e-01 -3.7791000e-02 
  1016 :  4.0843236e-01 -3.0626369e-02 
  1017 :  4.0572025e-01 -2.4206214e-02 
  1018 :  4.0228530e-01 -1.9719242e-02 
  1019 :  4.0000000e-01 -1.5000000e-02 
  1020 :  4.5238561e-01  7.5504856e-02 
  1021 :  4.6289401e-01  6.1093840e-02 
  1022 :  4.3756700e-01  7.6358000e-02 
  1023 :  4.1843922e-01  6.4577078e-02 
  1024 :  4.2838156e-01  6.6458881e-02 
  1025 :  4.1502772e-01  5.2508472e-02 
  1026 :  4.0252755e-01  4.5998488e-02 
  1027 :  4.0900448e-01  4.6783514e-02 
  1028 :  4.0094131e-01  3.9650574e-02 
  1029 :  4.0000000e-01  3.5000000e-02 
  1030 :  4.6818700e-01 -3.5070000e-02 
  1031 :  5.0056368e-01  1.1126540e-02 
  1032 :  4.9580033e-01  2.5357452e-02 
  1033 :  4.9893510e-01 -1.8040936e-02 
  1034 :  4.9695841e-01 -2.5186494e-03 
  1035 :  4.8086877e-01 -1.8956055e-02 
  1036 :  4.8178229e-01  4.4807755e-02 
  1037 :  4.8234808e-01  2.9850254e-02 
  1038 :  4.6629521e-01  4.7141276e-02 
  1039 :  4.1985320e-01 -3.7227892e-02 
  1040 :  4.1326388e-01 -2.3983079e-02 
  1041 :  4.0682318e-01 -1.9060019e-02 
  1042 :  4.0487726e-01 -1.4519632e-02 
  1043 :  4.5012326e-01  6.2304470e-02 
  1044 :  4.5483797e-01  4.8836450e-02 
  1045 :  4.3696241e-01  6.0939170e-02 
  1046 :  4.2786019e-01  5.3307397e-02 
  1047 :  4.1416953e-01  4.3637208e-02 
  1048 :  4.2164296e-01  4.6675142e-02 
  1049 :  4.0700651e-01  3.9516955e-02 
  1050 :  4.1210362e-01  3.7865261e-02 
  1051 :  4.0487726e-01  3.4519632e-02 
  1052 :  4.5123371e-01 -3.5856914e-02 
  1053 :  4.6353906e-01 -2.1129378e-02 
  1054 :  4.8478862e-01  1.2849298e-02 
  1055 :  4.8150260e-01 -3.3055380e-03 
  1056 :  4.6751034e-01 -6.9049235e-03 
  1057 :  4.6991114e-01  3.2840321e-02 
  1058 :  4.7278748e-01  2.0850381e-02 
  1059 :  4.5960831e-01  3.5826789e-02 
  1060 :  4.5013069e-01  3.9340410e-02 
  1061 :  4.3709900e-01 -3.6513000e-02 
  1062 :  4.2439588e-01 -2.4781102e-02 
  1063 :  4.1943528e-01 -1.6575061e-02 
  1064 :  4.1178838e-01 -1.6400340e-02 
  1065 :  4.0956709e-01 -1.3096988e-02 
  1066 :  4.3955392e-01  4.8235876e-02 
  1067 :  4.2816685e-01  4.3892887e-02 
  1068 :  4.1967388e-01  3.9298888e-02 
  1069 :  4.1619950e-01  3.5108910e-02 
  1070 :  4.0956709e-01  3.3096988e-02 
  1071 :  4.5052157e-01 -2.2416090e-02 
  1072 :  4.5686193e-01 -1.1903211e-02 
  1073 :  4.6749075e-01  8.3208667e-03 
  1074 :  4.5738381e-01 -1.3161713e-03 
  1075 :  4.6038307e-01  2.2377718e-02 
  1076 :  4.4197909e-01  3.5507075e-02 
  1077 :  4.5056792e-01  2.9756492e-02 
  1078 :  4.3646041e-01 -2.2377486e-02 
  1079 :  4.2786496e-01 -1.6585813e-02 
  1080 :  4.2378486e-01 -1.2187731e-02 
  1081 :  4.1952270e-01 -1.0815860e-02 
  1082 :  4.1388926e-01 -1.0786740e-02 
  1083 :  4.3342725e-01  3.7799037e-02 
  1084 :  4.2592705e-01  3.6662238e-02 
  1085 :  4.2107239e-01  3.2003343e-02 
  1086 :  4.1388926e-01  3.0786740e-02 
  1087 :  4.4672782e-01 -1.0147941e-02 
  1088 :  4.4968508e-01  5.8707646e-04 
  1089 :  4.5305316e-01  9.0441478e-03 
  1090 :  4.3566537e-01  3.1445693e-02 
  1091 :  4.4926271e-01  2.0005025e-02 
  1092 :  4.4252940e-01  2.6464944e-02 
  1093 :  4.3550899e-01 -1.0936035e-02 
  1094 :  4.2878929e-01 -9.2130805e-03 
  1095 :  4.2331208e-01 -7.7488420e-03 
  1096 :  4.1767767e-01 -7.6776695e-03 
  1097 :  4.2902620e-01  3.0239294e-02 
  1098 :  4.2457515e-01  2.6998327e-02 
  1099 :  4.1767767e-01  2.7677670e-02 
  1100 :  4.4069721e-01 -2.8490132e-03 
  1101 :  4.4361574e-01  5.0871047e-03 
  1102 :  4.4485020e-01  1.2520736e-02 
  1103 :  4.3437676e-01  2.4004216e-02 
  1104 :  4.4085540e-01  1.8572554e-02 
  1105 :  4.3265312e-01 -3.7163232e-03 
  1106 :  4.2709129e-01 -2.4771556e-03 
  1107 :  4.2078674e-01 -3.8892558e-03 
  1108 :  4.2792416e-01  2.1956360e-02 
  1109 :  4.2078674e-01  2.3889256e-02 
  1110 :  4.3547824e-01  3.3190944e-03 
  1111 :  4.3669626e-01  1.0989519e-02 
  1112 :  4.3460071e-01  1.7263160e-02 
  1113 :  4.2889936e-01  2.3346654e-03 
  1114 :  4.2309699e-01  4.3291419e-04 
  1115 :  4.2920946e-01  1.6299902e-02 
  1116 :  4.2309699e-01  1.9567086e-02 
  1117 :  4.2979811e-01  9.9246833e-03 
  1118 :  4.2451963e-01  5.1227419e-03 
  1119 :  4.2451963e-01  1.4877258e-02 
  1120 :  4.2500000e-01  1.0000000e-02 
Number of edges 301 
     0 :    524    502 
     1 :    502    513 
     2 :    513    514 
     3 :    514    512 
     4 :    512    511 
     5 :    511    510 
     6 :    510    485 
     7 :    485    484 
     8 :    484    461 
     9 :    461    458 
    10 :    458    433 
    11 :    433    411 
    12 :    411    386 
    13 :    386    356 
    14 :    356    324 
    15 :    324    309 
    16 :    309    336 
    17 :    336    364 
    18 :    364    393 
    19 :    393    420 
    20 :    420    445 
    21 :    445    447 
    22 :    447    448 
    23 :    448    469 
    24 :    469    494 
    25 :    494    529 
    26 :    529    530 
    27 :    530    562 
    28 :    562    528 
    29 :    528    527 
    30 :    527    525 
    31 :    525    524 
    32 :   1120   1119 
    33 :   1119   1116 
    34 :   1116   1109 
    35 :   1109   1099 
    36 :   1099   1086 
    37 :   1086   1070 
    38 :   1070   1051 
    39 :   1051   1029 
    40 :   1029   1004 
    41 :   1004    982 
    42 :    982    959 
    43 :    959    935 
    44 :    935    903 
    45 :    903    866 
    46 :    866    829 
    47 :    829    793 
    48 :    793    818 
    49 :    818    857 
    50 :    857    893 
    51 :    893    927 
    52 :    927    952 
    53 :    952    974 
    54 :    974    995 
    55 :    995   1019 
    56 :   1019   1042 
    57 :   1042   1065 
    58 :   1065   1082 
    59 :   1082   1096 
    60 :   1096   1107 
    61 :   1107   1114 
    62 :   1114   1118 
    63 :   1118   1120 
    64 :    547    551 
    65 :    551    587 
    66 :    587    626 
    67 :    626    658 
    68 :    658    666 
    69 :    666    695 
    70 :    695    696 
    71 :    696    722 
    72 :    722    723 
    73 :    723    746 
    74 :    746    769 
    75 :    769    794 
    76 :    794    795 
    77 :    795    830 
    78 :    830    831 
    79 :    831    842 
    80 :    842    841 
    81 :    841    834 
    82 :    834    835 
    83 :    835    838 
    84 :    838    836 
    85 :    836    796 
    86 :    796    763 
    87 :    763    738 
    88 :    738    737 
    89 :    737    713 
    90 :    713    712 
    91 :    712    685 
    92 :    685    653 
    93 :    653    620 
    94 :    620    578 
    95 :    578    547 
    96 :      2      8 
    97 :      8     12 
    98 :      0      1 
    99 :      1      2 
   100 :     12     16 
   101 :     16     19 
   102 :     10      4 
   103 :      4      0 
   104 :     19     22 
   105 :     22     25 
   106 :     17     14 
   107 :     14     10 
   108 :     25     28 
   109 :     28     31 
   110 :     24     21 
   111 :     21     17 
   112 :     31     35 
   113 :     35     42 
   114 :     29     27 
   115 :     27     24 
   116 :     42     52 
   117 :     52     64 
   118 :     40     33 
   119 :     33     29 
   120 :     64     78 
   121 :     78     92 
   122 :     62     50 
   123 :     50     40 
   124 :     92    108 
   125 :    108    124 
   126 :     90     76 
   127 :     76     62 
   128 :    124    140 
   129 :    140    156 
   130 :    121    105 
   131 :    105     90 
   132 :    156    172 
   133 :    172    189 
   134 :    153    137 
   135 :    137    121 
   136 :    189    206 
   137 :    206    223 
   138 :    186    169 
   139 :    169    153 
   140 :    223    239 
   141 :    239    256 
   142 :    220    203 
   143 :    203    186 
   144 :    256    273 
   145 :    273    290 
   146 :    253    236 
   147 :    236    220 
   148 :    290    308 
   149 :    308    330 
   150 :    287    270 
   151 :    270    253 
   152 :    330    363 
   153 :    363    392 
   154 :    327    305 
   155 :    305    287 
   156 :    392    418 
   157 :    418    442 
   158 :    360    359 
   159 :    359    327 
   160 :    442    468 
   161 :    468    493 
   162 :    413    389 
   163 :    389    360 
   164 :    493    522 
   165 :    522    556 
   166 :    463    437 
   167 :    437    413 
   168 :    556    597 
   169 :    597    635 
   170 :    516    488 
   171 :    488    463 
   172 :    635    665 
   173 :    665    693 
   174 :    586    549 
   175 :    549    516 
   176 :    693    719 
   177 :    719    744 
   178 :    656    625 
   179 :    625    586 
   180 :    744    768 
   181 :    768    800 
   182 :    715    687 
   183 :    687    656 
   184 :    800    843 
   185 :    843    883 
   186 :    840    799 
   187 :    799    766 
   188 :    766    740 
   189 :    740    715 
   190 :    883    917 
   191 :    917    944 
   192 :    936    904 
   193 :    904    877 
   194 :    877    840 
   195 :    944    967 
   196 :    967    988 
   197 :    985    962 
   198 :    962    936 
   199 :    988    991 
   200 :    991    996 
   201 :   1009   1008 
   202 :   1008    985 
   203 :    996   1020 
   204 :   1020   1022 
   205 :   1030   1011 
   206 :   1011   1009 
   207 :   1022    998 
   208 :    998    997 
   209 :   1061   1052 
   210 :   1052   1030 
   211 :    997    975 
   212 :    975    954 
   213 :   1015   1039 
   214 :   1039   1061 
   215 :    954    930 
   216 :    930    896 
   217 :    970    992 
   218 :    992   1015 
   219 :    896    859 
   220 :    859    821 
   221 :    925    949 
   222 :    949    970 
   223 :    821    786 
   224 :    786    758 
   225 :    855    891 
   226 :    891    925 
   227 :    758    733 
   228 :    733    708 
   229 :    780    816 
   230 :    816    855 
   231 :    708    682 
   232 :    682    651 
   233 :    730    755 
   234 :    755    780 
   235 :    651    618 
   236 :    618    577 
   237 :    676    704 
   238 :    704    730 
   239 :    577    546 
   240 :    546    515 
   241 :    610    645 
   242 :    645    676 
   243 :    515    486 
   244 :    486    462 
   245 :    535    568 
   246 :    568    610 
   247 :    462    436 
   248 :    436    412 
   249 :    477    501 
   250 :    501    535 
   251 :    412    387 
   252 :    387    357 
   253 :    427    453 
   254 :    453    477 
   255 :    357    325 
   256 :    325    303 
   257 :    375    402 
   258 :    402    427 
   259 :    303    285 
   260 :    285    268 
   261 :    316    344 
   262 :    344    375 
   263 :    268    251 
   264 :    251    235 
   265 :    279    296 
   266 :    296    316 
   267 :    235    219 
   268 :    219    202 
   269 :    245    262 
   270 :    262    279 
   271 :    202    185 
   272 :    185    168 
   273 :    212    228 
   274 :    228    245 
   275 :    168    152 
   276 :    152    136 
   277 :    179    196 
   278 :    196    212 
   279 :    136    120 
   280 :    120    104 
   281 :    147    163 
   282 :    163    179 
   283 :    104     89 
   284 :     89     75 
   285 :    115    131 
   286 :    131    147 
   287 :     75     71 
   288 :     71     61 
   289 :     84     99 
   290 :     99    115 
   291 :     61     49 
   292 :     49     39 
   293 :     58     70 
   294 :     70     84 
   295 :     39     38 
   296 :     38     32 
   297 :     43     46 
   298 :     46     58 
   299 :     32     36 
   300 :     36     43 
Number of triangles 1945 
     0 :    731    736    757
     1 :     79     66     65
     2 :    456    455    479
     3 :    976    953    957
     4 :    740    714    739
     5 :    314    313    293
     6 :   1008   1007   1033
     7 :    545    575    544
     8 :    579    589    550
     9 :    789    819    823
    10 :    414    416    439
    11 :    175    192    182
    12 :    963    941    937
    13 :    373    341    342
    14 :    965    963    986
    15 :    740    739    766
    16 :    161    159    145
    17 :     16     11     12
    18 :   1117   1110   1111
    19 :   1061   1062   1039
    20 :    919    946    926
    21 :    612    647    616
    22 :    936    911    940
    23 :    992    969    970
    24 :    704    703    675
    25 :   1072   1074   1087
    26 :    372    340    341
    27 :      1      3      0
    28 :   1035   1056   1053
    29 :    666    688    694
    30 :    497    496    533
    31 :   1087   1074   1088
    32 :    691    661    663
    33 :    747    745    770
    34 :   1062   1063   1040
    35 :    537    538    570
    36 :    947    920    924
    37 :    867    869    905
    38 :    809    851    847
    39 :    221    205    222
    40 :    823    858    861
    41 :    498    497    533
    42 :    422    424    450
    43 :    343    373    342
    44 :    858    895    861
    45 :    548    581    585
    46 :    552    553    581
    47 :    904    911    936
    48 :     92    107     91
    49 :    984    964    987
    50 :    770    772    747
    51 :    451    424    425
    52 :     48     47     59
    53 :    548    552    581
    54 :    177    192    176
    55 :    310    338    318
    56 :     17     13     15
    57 :    761    787    788
    58 :    225    226    209
    59 :    320    318    347
    60 :    682    680    707
    61 :    764    798    799
    62 :    349    379    381
    63 :    374    373    343
    64 :    911    875    874
    65 :   1053   1056   1072
    66 :    896    860    897
    67 :    339    338    310
    68 :    373    372    341
    69 :    920    885    889
    70 :    961    964    984
    71 :    820    788    822
    72 :   1078   1079   1062
    73 :    624    622    655
    74 :   1062   1040   1039
    75 :    761    759    787
    76 :    987    965    986
    77 :    937    938    963
    78 :    333    367    334
    79 :     78     77     63
    80 :     68     81     67
    81 :    226    210    209
    82 :     22     18     19
    83 :    632    593    594
    84 :    940    912    939
    85 :    965    941    963
    86 :    176    159    161
    87 :     11      6     12
    88 :   1037   1058   1054
    89 :    646    647    612
    90 :    554    595    552
    91 :   1072   1087   1071
    92 :    222    238    221
    93 :     12      6      7
    94 :    940    939    964
    95 :    733    732    757
    96 :    579    580    589
    97 :    586    548    585
    98 :    581    582    623
    99 :    453    452    426
   100 :    554    552    520
   101 :    706    705    731
   102 :    480    504    479
   103 :   1062   1079   1063
   104 :   1054   1058   1073
   105 :    369    367    396
   106 :    675    644    676
   107 :    390    361    391
   108 :    734    724    749
   109 :   1087   1093   1078
   110 :    450    424    451
   111 :    455    429    432
   112 :   1040   1016   1039
   113 :    515    503    537
   114 :   1066   1076   1060
   115 :    688    716    694
   116 :     79     80     66
   117 :    987    986   1010
   118 :    731    705    710
   119 :    596    554    555
   120 :    597    596    555
   121 :   1118   1117   1120
   122 :    384    408    383
   123 :    969    946    948
   124 :    687    686    715
   125 :   1040   1063   1064
   126 :    863    900    862
   127 :     79     65     69
   128 :    581    594    582
   129 :    643    607    644
   130 :    663    661    631
   131 :    176    192    175
   132 :    128    143    144
   133 :    656    623    624
   134 :   1030   1035   1053
   135 :    972    969    992
   136 :    766    741    765
   137 :    391    416    390
   138 :    434    457    432
   139 :    931    953    955
   140 :    470    496    472
   141 :    987   1010   1007
   142 :   1088   1100   1087
   143 :   1067   1083   1066
   144 :    770    767    800
   145 :    822    823    861
   146 :    383    408    382
   147 :    864    826    827
   148 :    242    226    225
   149 :    734    749    759
   150 :    839    875    877
   151 :     92     77     78
   152 :   1102   1101   1089
   153 :     14     13     17
   154 :    929    928    953
   155 :    241    242    225
   156 :    607    608    644
   157 :    664    633    634
   158 :    883    882    843
   159 :    613    614    648
   160 :    291    311    299
   161 :    712    739    711
   162 :    809    810    851
   163 :    478    456    479
   164 :    431    430    456
   165 :    686    714    715
   166 :    826    806    791
   167 :    333    335    367
   168 :     69     65     57
   169 :   1071   1087   1078
   170 :    770    745    767
   171 :     86    101    100
   172 :     86     87    101
   173 :    678    647    646
   174 :    426    451    425
   175 :    634    595    596
   176 :    719    692    693
   177 :    596    595    554
   178 :    675    642    643
   179 :    949    924    925
   180 :   1055   1054   1073
   181 :    946    922    948
   182 :    665    664    634
   183 :     10     13     14
   184 :   1077   1076   1092
   185 :   1089   1091   1102
   186 :    613    572    614
   187 :    803    844    801
   188 :    862    900    894
   189 :   1054   1032   1037
   190 :   1107   1095   1106
   191 :    143    159    144
   192 :    424    398    399
   193 :   1025   1027   1047
   194 :    320    347    349
   195 :    432    429    408
   196 :    430    429    455
   197 :    676    644    645
   198 :    205    204    187
   199 :    719    718    692
   200 :    367    395    396
   201 :   1026   1000   1002
   202 :     66     80     68
   203 :    483    506    481
   204 :   1003   1002    981
   205 :    481    506    482
   206 :    981   1002    979
   207 :    501    476    477
   208 :    800    802    770
   209 :    572    573    614
   210 :    743    716    717
   211 :    561    602    559
   212 :   1046   1067   1066
   213 :    749    724    725
   214 :   1038   1057   1036
   215 :   1043   1066   1044
   216 :    753    727    729
   217 :   1014   1036   1012
   218 :    991   1014   1012
   219 :   1043   1044   1021
   220 :    510    543    509
   221 :   1086   1085   1069
   222 :   1109   1108   1098
   223 :    542    573    572
   224 :    614    617    648
   225 :    862    858    825
   226 :    848    847    885
   227 :    257    274    265
   228 :   1089   1101   1088
   229 :    406    405    430
   230 :     97     95     82
   231 :    709    734    735
   232 :    443    449    470
   233 :    725    698    699
   234 :    582    584    623
   235 :    432    457    455
   236 :    949    947    924
   237 :    882    884    845
   238 :    408    429    404
   239 :    580    583    588
   240 :     63     51     64
   241 :    962    984    985
   242 :    633    595    634
   243 :    331    346    347
   244 :    819    858    823
   245 :    921    920    947
   246 :    182    192    194
   247 :    970    969    948
   248 :    552    595    553
   249 :    849    850    887
   250 :    299    310    318
   251 :    127    143    128
   252 :    768    743    744
   253 :     23     20     22
   254 :   1108   1103   1097
   255 :    709    724    734
   256 :     41     34     42
   257 :   1045   1066   1043
   258 :   1092   1091   1077
   259 :    312    311    291
   260 :     16     15     11
   261 :    366    395    367
   262 :    819    790    825
   263 :    749    750    759
   264 :    299    318    320
   265 :    861    898    897
   266 :    696    720    721
   267 :    986    963    983
   268 :    710    709    735
   269 :    475    496    470
   270 :    992    993    972
   271 :    929    953    931
   272 :   1030   1053   1052
   273 :    546    537    570
   274 :   1063   1079   1080
   275 :    791    806    774
   276 :    894    858    862
   277 :    648    617    650
   278 :    104    100    116
   279 :    101     87    102
   280 :    999   1001   1025
   281 :    543    542    509
   282 :   1085   1068   1069
   283 :   1108   1097   1098
   284 :     21     20     23
   285 :   1000    980   1002
   286 :     40     34     41
   287 :    864    863    826
   288 :     87     88    102
   289 :    787    784    789
   290 :    588    583    592
   291 :   1066   1060   1044
   292 :   1078   1062   1061
   293 :    431    456    454
   294 :    444    470    446
   295 :    472    496    497
   296 :    567    532    534
   297 :    902    899    901
   298 :    880    913    879
   299 :    801    844    832
   300 :    773    807    781
   301 :    825    858    819
   302 :    787    789    822
   303 :    785    788    820
   304 :   1060   1059   1044
   305 :      9     13     10
   306 :   1110   1101   1111
   307 :    347    318    331
   308 :    960    938    945
   309 :   1015    993    992
   310 :    654    621    652
   311 :    916    918    884
   312 :    910    939    908
   313 :    188    205    187
   314 :    587    591    627
   315 :    295    314    294
   316 :   1083   1076   1066
   317 :    398    371    399
   318 :    766    765    799
   319 :    706    679    705
   320 :    375    374    343
   321 :    529    531    565
   322 :   1045   1046   1066
   323 :    580    588    589
   324 :    314    293    294
   325 :    692    663    664
   326 :     47     55     59
   327 :   1014   1038   1036
   328 :    654    652    684
   329 :    543    574    542
   330 :    565    608    607
   331 :    362    361    328
   332 :     72     74     86
   333 :    479    504    503
   334 :    405    379    377
   335 :    843    845    802
   336 :    265    274    282
   337 :    616    647    649
   338 :    100    101    116
   339 :    434    409    410
   340 :   1060   1076   1077
   341 :    705    677    683
   342 :    453    426    427
   343 :    111    112     96
   344 :    428    431    454
   345 :    957    933    956
   346 :    744    743    717
   347 :    454    456    478
   348 :    570    571    613
   349 :    406    430    431
   350 :    896    897    930
   351 :    779    752    754
   352 :     18     20     17
   353 :    876    878    911
   354 :    860    822    861
   355 :    916    884    882
   356 :    194    192    209
   357 :    847    851    885
   358 :    877    875    911
   359 :   1047   1048   1025
   360 :    890    854    891
   361 :     30     26     28
   362 :    962    961    984
   363 :    221    204    205
   364 :    730    703    704
   365 :    755    753    729
   366 :   1077   1075   1059
   367 :    884    907    870
   368 :    973    971    994
   369 :     94     80     93
   370 :    998   1024   1022
   371 :    391    361    362
   372 :    924    889    890
   373 :      9      5     11
   374 :     27     26     30
   375 :    402    374    375
   376 :    568    533    535
   377 :     80     82     68
   378 :    478    479    503
   379 :     17     20     21
   380 :   1010   1031   1034
   381 :     89    100    104
   382 :    572    541    542
   383 :    753    728    727
   384 :    944    943    917
   385 :    475    500    496
   386 :    573    615    614
   387 :    677    667    697
   388 :    631    628    592
   389 :    711    714    686
   390 :    710    735    736
   391 :    446    470    472
   392 :    882    845    843
   393 :    282    274    291
   394 :    366    335    332
   395 :    954    977    975
   396 :     69     57     70
   397 :    570    538    539
   398 :    913    941    915
   399 :    994    993   1018
   400 :    717    718    744
   401 :   1085   1084   1068
   402 :    819    782    783
   403 :   1074   1089   1088
   404 :    956    933    932
   405 :    618    613    648
   406 :    805    846    803
   407 :     52     51     41
   408 :    455    457    479
   409 :    350    349    381
   410 :     35     30     31
   411 :    997    978    999
   412 :    154    138    139
   413 :     45     55     47
   414 :    786    785    820
   415 :    103    112    119
   416 :     22     20     18
   417 :    784    782    819
   418 :    999   1023    997
   419 :     93     80     79
   420 :    119    112    128
   421 :    905    914    881
   422 :    586    585    625
   423 :   1051   1049   1028
   424 :    539    571    570
   425 :    702    672    701
   426 :    983    963    960
   427 :    462    478    486
   428 :    770    804    772
   429 :    275    274    257
   430 :    983   1005    986
   431 :    939    942    964
   432 :    940    961    936
   433 :    803    846    844
   434 :    914    941    913
   435 :   1015   1016    993
   436 :    948    947    970
   437 :    901    899    864
   438 :    470    449    475
   439 :     75     85     89
   440 :    800    767    768
   441 :    713    739    712
   442 :    578    550    547
   443 :    527    559    525
   444 :    514    544    512
   445 :   1061   1071   1078
   446 :    592    583    584
   447 :     70     57     58
   448 :     78     63     64
   449 :    922    923    948
   450 :    954    931    955
   451 :    618    648    651
   452 :    850    888    887
   453 :    705    683    710
   454 :    802    804    770
   455 :   1020   1043   1021
   456 :    450    449    423
   457 :    976   1000    977
   458 :    891    854    855
   459 :    994    971    972
   460 :    496    500    533
   461 :    381    379    406
   462 :    943    918    916
   463 :    735    734    761
   464 :    283    301    302
   465 :    102    103    118
   466 :    999   1025   1023
   467 :    194    210    199
   468 :    894    895    858
   469 :    275    292    274
   470 :    372    371    340
   471 :    541    571    540
   472 :    209    210    194
   473 :    187    171    188
   474 :     59     72     60
   475 :   1093   1100   1105
   476 :    855    854    815
   477 :    945    938    918
   478 :    644    609    645
   479 :    832    844    869
   480 :    879    913    909
   481 :    781    807    808
   482 :    739    714    711
   483 :    407    406    431
   484 :    348    380    376
   485 :    293    292    275
   486 :     86    100     85
   487 :    301    321    322
   488 :    629    628    661
   489 :    877    911    904
   490 :    780    779    754
   491 :    570    613    577
   492 :   1020   1021    996
   493 :    905    937    914
   494 :    717    690    718
   495 :    187    170    171
   496 :    403    380    407
   497 :    754    728    753
   498 :    565    566    608
   499 :    665    634    635
   500 :    682    707    708
   501 :    681    649    679
   502 :    145    159    143
   503 :    350    381    380
   504 :    859    860    896
   505 :    592    593    631
   506 :    283    282    301
   507 :    425    424    399
   508 :    376    380    403
   509 :   1031   1032   1054
   510 :   1022   1024   1045
   511 :    605    607    643
   512 :    715    714    740
   513 :    643    606    605
   514 :    655    654    686
   515 :    950    946    969
   516 :    729    703    730
   517 :    724    698    725
   518 :   1010   1034   1033
   519 :   1073   1074   1056
   520 :    955    976    977
   521 :    348    350    380
   522 :    318    338    331
   523 :    700    669    673
   524 :    534    498    533
   525 :    679    678    705
   526 :    955    977    954
   527 :    683    677    697
   528 :    591    629    630
   529 :    553    595    594
   530 :    989    968    966
   531 :    342    313    314
   532 :    582    592    584
   533 :    906    937    905
   534 :    678    677    705
   535 :   1044   1059   1038
   536 :    406    379    405
   537 :     42     34     35
   538 :    371    339    340
   539 :    366    332    365
   540 :   1095   1094   1106
   541 :    434    432    409
   542 :    302    301    322
   543 :    476    475    452
   544 :    534    533    568
   545 :    101    102    117
   546 :     52     41     42
   547 :     40     41     50
   548 :    624    583    622
   549 :    155    171    154
   550 :     33     34     40
   551 :   1103   1090   1097
   552 :    552    518    520
   553 :     28     26     25
   554 :     24     26     27
   555 :   1079   1093   1094
   556 :    227    241    224
   557 :    515    537    546
   558 :    939    912    908
   559 :     86     74     87
   560 :    568    567    534
   561 :    426    425    401
   562 :   1055   1056   1035
   563 :    761    734    759
   564 :    637    668    667
   565 :    582    593    592
   566 :    760    782    784
   567 :     64     51     52
   568 :   1041   1064   1065
   569 :    565    564    530
   570 :    711    684    685
   571 :    502    523    536
   572 :    681    679    706
   573 :    300    291    299
   574 :    897    898    931
   575 :    341    312    313
   576 :   1045   1043   1022
   577 :    968    960    945
   578 :    636    667    646
   579 :    924    920    889
   580 :    760    750    756
   581 :    540    571    539
   582 :   1006   1032   1031
   583 :    428    454    436
   584 :    967    989    966
   585 :    341    313    342
   586 :    574    573    542
   587 :    102     88    103
   588 :    511    543    510
   589 :   1099   1085   1086
   590 :   1116   1108   1109
   591 :    462    454    478
   592 :    216    232    233
   593 :   1001   1027   1025
   594 :    821    860    859
   595 :    564    607    605
   596 :   1053   1072   1071
   597 :    610    567    568
   598 :    117    102    118
   599 :    241    225    224
   600 :    701    674    703
   601 :    948    923    947
   602 :    780    753    755
   603 :    699    669    700
   604 :    675    674    642
   605 :   1055   1073   1056
   606 :    412    428    436
   607 :    594    593    582
   608 :    118    103    119
   609 :     62     63     76
   610 :    814    811    813
   611 :    611    646    612
   612 :    690    689    660
   613 :    840    839    877
   614 :    316    315    295
   615 :   1013   1032   1006
   616 :    475    449    450
   617 :    407    381    406
   618 :    756    750    776
   619 :    282    291    300
   620 :    811    812    775
   621 :   1078   1093   1079
   622 :    282    300    301
   623 :    129    143    127
   624 :   1097   1083   1084
   625 :     45     47     37
   626 :   1039   1016   1015
   627 :   1059   1075   1057
   628 :    883    916    882
   629 :    729    702    701
   630 :    692    664    693
   631 :    216    215    232
   632 :   1008   1033   1009
   633 :    918    907    884
   634 :    697    724    709
   635 :    274    292    291
   636 :   1034   1054   1055
   637 :     96    112    103
   638 :    520    518    491
   639 :    759    760    787
   640 :    366    365    395
   641 :    720    745    721
   642 :    549    548    586
   643 :     85    100     89
   644 :    976    980   1000
   645 :   1025   1046   1023
   646 :    328    306    329
   647 :    533    500    535
   648 :     71     73     85
   649 :    322    321    350
   650 :    123    139    122
   651 :    491    519    520
   652 :    315    314    295
   653 :     62     51     63
   654 :    728    726    700
   655 :    702    673    672
   656 :    686    684    711
   657 :     90     91    105
   658 :    726    725    699
   659 :    489    465    466
   660 :    158    161    145
   661 :    516    548    549
   662 :    686    654    684
   663 :    930    931    954
   664 :    352    332    351
   665 :    232    231    248
   666 :    945    918    943
   667 :    810    783    775
   668 :     29     34     33
   669 :    344    315    316
   670 :    233    232    249
   671 :    729    701    703
   672 :    407    431    428
   673 :    936    961    962
   674 :    756    782    760
   675 :    721    745    747
   676 :    340    312    341
   677 :    716    689    717
   678 :    843    802    800
   679 :    972    993    994
   680 :    692    691    663
   681 :     11     13      9
   682 :    924    890    925
   683 :    940    964    961
   684 :    975    978    997
   685 :    142    145    129
   686 :   1036   1037   1013
   687 :    983    960    968
   688 :    387    376    403
   689 :    412    403    428
   690 :    116    101    117
   691 :    597    555    556
   692 :    632    594    633
   693 :    140    123    124
   694 :    351    335    333
   695 :    613    571    572
   696 :    650    681    680
   697 :    672    671    701
   698 :    775    812    810
   699 :    575    615    574
   700 :     90     77     91
   701 :    531    566    565
   702 :    199    210    216
   703 :    255    254    238
   704 :    707    681    706
   705 :   1073   1075   1089
   706 :    664    632    633
   707 :    840    798    839
   708 :    733    757    758
   709 :    106    107    123
   710 :    440    466    439
   711 :    989    990    968
   712 :    121    122    137
   713 :    984    987   1007
   714 :    400    373    401
   715 :    380    381    407
   716 :     35     34     30
   717 :    546    570    577
   718 :    477    452    453
   719 :    776    749    751
   720 :    299    311    310
   721 :    707    706    731
   722 :    942    965    964
   723 :   1057   1058   1037
   724 :    604    638    600
   725 :    417    416    391
   726 :    704    675    676
   727 :    490    519    489
   728 :    403    407    428
   729 :    754    753    780
   730 :    362    328    329
   731 :    259    241    244
   732 :    594    595    633
   733 :    108    107     92
   734 :    426    401    427
   735 :   1018   1041   1042
   736 :    584    583    624
   737 :    897    931    930
   738 :    478    503    486
   739 :    744    718    719
   740 :     96     81     82
   741 :    820    822    860
   742 :   1057   1037   1036
   743 :    172    155    156
   744 :    997   1023    998
   745 :    663    631    632
   746 :     73     72     86
   747 :    121    106    122
   748 :    562    605    563
   749 :   1082   1063   1081
   750 :    524    526    523
   751 :    653    652    619
   752 :   1001   1000   1026
   753 :    989   1013    990
   754 :    767    743    768
   755 :    237    254    252
   756 :   1090   1083   1097
   757 :    931    898    929
   758 :    153    154    169
   759 :    605    606    601
   760 :    809    790    810
   761 :   1038   1059   1057
   762 :   1068   1048   1047
   763 :     67     74     72
   764 :    436    454    462
   765 :    648    680    651
   766 :    244    241    227
   767 :     18     15     16
   768 :    354    333    323
   769 :   1031   1054   1034
   770 :    970    947    949
   771 :     96     95    111
   772 :    968    945    966
   773 :    648    650    680
   774 :    206    188    189
   775 :    917    916    883
   776 :    646    667    677
   777 :     88     81     96
   778 :    776    750    749
   779 :    645    609    610
   780 :   1052   1071   1061
   781 :    350    321    349
   782 :    755    729    730
   783 :    813    854    814
   784 :    401    374    402
   785 :     36     37     32
   786 :    494    531    529
   787 :    186    187    203
   788 :    321    320    349
   789 :    140    139    123
   790 :   1111   1101   1102
   791 :    816    779    780
   792 :   1011   1035   1030
   793 :   1013   1006    990
   794 :    245    244    227
   795 :     67     81     74
   796 :    174    161    158
   797 :    425    399    400
   798 :    988    989    967
   799 :    777    776    751
   800 :     25     26     23
   801 :     65     54     53
   802 :    173    158    157
   803 :    535    500    501
   804 :    476    500    475
   805 :    539    505    506
   806 :    262    244    245
   807 :    889    852    853
   808 :    947    923    921
   809 :    295    278    296
   810 :    239    222    223
   811 :    146    130    147
   812 :    322    350    348
   813 :    966    943    944
   814 :    153    138    154
   815 :    918    938    907
   816 :     43     53     44
   817 :    295    294    278
   818 :    136    132    148
   819 :    220    221    236
   820 :    534    499    498
   821 :    799    798    840
   822 :    203    204    221
   823 :    122    106    123
   824 :    400    372    373
   825 :    399    371    372
   826 :    272    254    255
   827 :    401    373    374
   828 :    775    756    778
   829 :    172    171    155
   830 :    249    232    248
   831 :    650    617    649
   832 :    259    242    241
   833 :    727    700    702
   834 :    421    443    419
   835 :    668    698    667
   836 :    273    255    256
   837 :    269    271    286
   838 :    261    259    244
   839 :    616    615    575
   840 :    476    452    477
   841 :    690    660    659
   842 :     38     47     39
   843 :    707    732    708
   844 :    211    195    212
   845 :    211    224    207
   846 :    266    248    265
   847 :    179    178    162
   848 :    253    252    270
   849 :    206    205    188
   850 :    236    237    252
   851 :    943    916    917
   852 :    286    271    288
   853 :    182    199    200
   854 :   1053   1071   1052
   855 :    599    637    636
   856 :    554    520    555
   857 :    307    288    289
   858 :    605    601    563
   859 :    652    621    619
   860 :    621    622    580
   861 :    304    306    326
   862 :    308    289    290
   863 :    248    257    265
   864 :    425    400    401
   865 :    555    519    521
   866 :    506    505    482
   867 :    217    199    216
   868 :    265    282    283
   869 :    187    204    203
   870 :   1037   1032   1013
   871 :    177    161    174
   872 :   1022   1043   1020
   873 :    239    238    222
   874 :    287    286    305
   875 :    326    306    328
   876 :   1009   1033   1011
   877 :    787    760    784
   878 :    414    439    415
   879 :    340    339    310
   880 :    329    306    307
   881 :    270    269    286
   882 :     84     83     69
   883 :    693    664    665
   884 :    358    361    388
   885 :     73     86     85
   886 :    345    376    357
   887 :    591    630    627
   888 :    164    180    168
   889 :    984   1007    985
   890 :    363    329    330
   891 :    145    143    129
   892 :    727    702    729
   893 :    520    519    555
   894 :    467    440    441
   895 :    142    126    141
   896 :    288    271    289
   897 :    218    200    217
   898 :    184    175    182
   899 :    190    173    178
   900 :    327    326    359
   901 :    501    500    476
   902 :    273    272    255
   903 :     60     72     73
   904 :    352    346    332
   905 :    221    237    236
   906 :    577    613    618
   907 :    388    361    390
   908 :    305    304    326
   909 :    658    688    666
   910 :    157    141    146
   911 :    791    774    792
   912 :    235    229    246
   913 :    736    735    761
   914 :    296    278    279
   915 :     55     67     59
   916 :    991   1012    988
   917 :    651    680    682
   918 :    418    391    392
   919 :    925    890    891
   920 :    905    881    868
   921 :    887    922    892
   922 :    956    932    934
   923 :    460    434    435
   924 :    908    878    871
   925 :    217    233    234
   926 :    250    233    249
   927 :    427    401    402
   928 :    359    358    388
   929 :    263    247    264
   930 :    207    190    195
   931 :    360    388    389
   932 :    308    307    289
   933 :    114     98    115
   934 :    249    266    267
   935 :    252    269    270
   936 :    399    372    400
   937 :    610    609    567
   938 :    317    298    319
   939 :    625    623    656
   940 :    201    218    214
   941 :   1057   1075   1058
   942 :    654    622    621
   943 :     82     95     96
   944 :    128    112    127
   945 :   1087   1100   1093
   946 :    779    777    752
   947 :    162    173    157
   948 :     59     67     72
   949 :     30     34     29
   950 :    467    466    440
   951 :    230    247    246
   952 :    487    491    517
   953 :    197    213    202
   954 :    700    673    702
   955 :    438    465    464
   956 :   1033   1034   1055
   957 :    357    376    387
   958 :    468    441    442
   959 :    127    111    113
   960 :    276    258    260
   961 :    630    662    659
   962 :    363    362    329
   963 :    280    264    281
   964 :    389    414    415
   965 :    598    636    611
   966 :    820    860    821
   967 :    286    304    305
   968 :    413    415    437
   969 :    708    732    733
   970 :    284    266    283
   971 :    815    813    779
   972 :    826    824    806
   973 :    522    492    493
   974 :     44     37     36
   975 :    488    487    517
   976 :   1033   1055   1035
   977 :   1012   1013    989
   978 :    264    250    267
   979 :    464    465    489
   980 :    326    358    359
   981 :    585    623    625
   982 :    757    736    762
   983 :    661    628    631
   984 :    895    898    861
   985 :     57     53     46
   986 :    418    417    391
   987 :    822    789    823
   988 :    813    777    779
   989 :    158    145    142
   990 :    437    438    464
   991 :    585    581    623
   992 :    752    728    754
   993 :    278    261    279
   994 :   1084   1067   1068
   995 :    111     95     97
   996 :    811    775    778
   997 :    489    491    487
   998 :    602    600    560
   999 :    293    276    294
  1000 :    762    761    788
  1001 :    160    159    176
  1002 :    234    250    247
  1003 :    749    725    726
  1004 :   1033   1035   1011
  1005 :    463    487    488
  1006 :    387    403    412
  1007 :    277    259    261
  1008 :    388    414    389
  1009 :    986   1005   1010
  1010 :    289    271    272
  1011 :    489    519    491
  1012 :   1049   1026   1028
  1013 :    468    467    441
  1014 :    762    788    785
  1015 :    117    133    132
  1016 :    332    335    351
  1017 :    521    519    492
  1018 :   1073   1089   1074
  1019 :    751    726    728
  1020 :    999   1000   1001
  1021 :     50     51     62
  1022 :    227    224    211
  1023 :    126    110    125
  1024 :    198    183    201
  1025 :   1036   1013   1012
  1026 :    310    311    340
  1027 :    797    798    764
  1028 :    758    785    786
  1029 :    167    160    175
  1030 :      7      6      1
  1031 :    852    812    811
  1032 :    415    438    437
  1033 :    252    254    269
  1034 :   1041   1040   1064
  1035 :    198    214    213
  1036 :    757    785    758
  1037 :    209    192    193
  1038 :    737    741    739
  1039 :    485    508    507
  1040 :    261    244    262
  1041 :    281    298    297
  1042 :    303    297    317
  1043 :    345    319    348
  1044 :    116    132    120
  1045 :    404    429    405
  1046 :    775    782    756
  1047 :    815    779    816
  1048 :    522    521    492
  1049 :    933    900    899
  1050 :    155    139    140
  1051 :    227    211    228
  1052 :    281    267    284
  1053 :     76     77     90
  1054 :    191    174    190
  1055 :    642    674    670
  1056 :    286    288    304
  1057 :    707    731    732
  1058 :    600    638    637
  1059 :    321    300    320
  1060 :    195    178    196
  1061 :    184    200    201
  1062 :    188    171    172
  1063 :    229    214    230
  1064 :    752    751    728
  1065 :      0      3      4
  1066 :    889    853    890
  1067 :    230    218    234
  1068 :     82     81     68
  1069 :    105    106    121
  1070 :    326    328    358
  1071 :     21     23     24
  1072 :    174    158    173
  1073 :    222    205    206
  1074 :    726    699    700
  1075 :    148    164    152
  1076 :    673    641    672
  1077 :    551    591    587
  1078 :   1070   1049   1051
  1079 :    332    331    365
  1080 :    486    503    515
  1081 :    640    641    604
  1082 :    967    966    944
  1083 :    813    776    777
  1084 :    243    226    242
  1085 :    255    238    239
  1086 :    388    390    414
  1087 :    293    275    276
  1088 :    257    240    258
  1089 :    319    322    348
  1090 :    248    240    257
  1091 :    985   1007   1008
  1092 :    154    139    155
  1093 :    649    647    679
  1094 :    289    272    273
  1095 :    260    242    259
  1096 :    118    134    133
  1097 :    608    566    609
  1098 :    464    487    463
  1099 :    415    439    438
  1100 :    590    629    591
  1101 :    778    756    776
  1102 :    104    116    120
  1103 :    650    649    681
  1104 :    806    847    807
  1105 :     23     26     24
  1106 :    444    443    470
  1107 :    268    263    280
  1108 :    329    307    308
  1109 :    990   1006    983
  1110 :     15     13     11
  1111 :    129    113    126
  1112 :   1006   1005    983
  1113 :    124    107    108
  1114 :    990    983    968
  1115 :    736    761    762
  1116 :    391    362    363
  1117 :    249    248    266
  1118 :    319    302    322
  1119 :    464    489    487
  1120 :    133    149    148
  1121 :    441    417    418
  1122 :    343    315    344
  1123 :    284    302    298
  1124 :    137    138    153
  1125 :    382    408    404
  1126 :    441    440    417
  1127 :    555    521    522
  1128 :    208    209    193
  1129 :    492    467    468
  1130 :    157    158    142
  1131 :    492    490    467
  1132 :    343    342    315
  1133 :    183    167    184
  1134 :    181    166    183
  1135 :    275    258    276
  1136 :     83     93     79
  1137 :    342    314    315
  1138 :    169    170    186
  1139 :    139    138    122
  1140 :    171    170    154
  1141 :   1058   1075   1073
  1142 :    207    191    190
  1143 :    231    215    226
  1144 :    757    762    785
  1145 :    119    135    134
  1146 :    123    107    124
  1147 :    710    683    709
  1148 :    559    560    526
  1149 :    603    602    561
  1150 :    440    416    417
  1151 :    317    319    345
  1152 :     99     98     83
  1153 :   1060   1077   1059
  1154 :    490    466    467
  1155 :   1002    980    979
  1156 :    186    170    187
  1157 :    144    160    151
  1158 :    996   1014    991
  1159 :    325    317    345
  1160 :    248    231    240
  1161 :    149    134    150
  1162 :    638    668    637
  1163 :    786    820    821
  1164 :    228    211    212
  1165 :     88     96    103
  1166 :    517    518    552
  1167 :    162    146    163
  1168 :    556    555    522
  1169 :    517    548    516
  1170 :    164    149    165
  1171 :    491    518    517
  1172 :    679    647    678
  1173 :    492    519    490
  1174 :    517    552    548
  1175 :   1067   1048   1068
  1176 :     44     54     45
  1177 :    493    492    468
  1178 :     61     73     71
  1179 :     98    109     93
  1180 :    442    441    418
  1181 :    392    391    363
  1182 :    635    596    597
  1183 :    488    517    516
  1184 :    345    348    376
  1185 :    330    329    308
  1186 :    290    289    273
  1187 :    375    343    344
  1188 :    256    255    239
  1189 :    437    464    463
  1190 :   1021   1038   1014
  1191 :    340    311    312
  1192 :    815    854    813
  1193 :    389    415    413
  1194 :    223    222    206
  1195 :    284    283    302
  1196 :    257    258    275
  1197 :    839    798    797
  1198 :    301    300    321
  1199 :    359    388    360
  1200 :    305    326    327
  1201 :    189    188    172
  1202 :    303    317    325
  1203 :     91    107    106
  1204 :    267    266    284
  1205 :   1026   1027   1001
  1206 :    279    261    262
  1207 :    639    670    640
  1208 :    300    299    320
  1209 :    217    216    233
  1210 :    200    199    217
  1211 :    270    286    287
  1212 :    266    265    283
  1213 :    855    815    816
  1214 :    281    284    298
  1215 :    236    252    253
  1216 :    196    178    179
  1217 :    203    221    220
  1218 :    298    302    319
  1219 :    250    249    267
  1220 :    489    466    490
  1221 :     74     81     88
  1222 :    307    306    288
  1223 :    247    250    264
  1224 :    182    194    199
  1225 :    264    267    281
  1226 :    439    465    438
  1227 :    966    945    943
  1228 :    156    155    140
  1229 :     91    106    105
  1230 :    439    416    440
  1231 :     39     47     48
  1232 :    354    351    333
  1233 :    569    611    576
  1234 :    245    227    228
  1235 :    234    233    250
  1236 :     27     30     29
  1237 :    328    361    358
  1238 :    701    671    670
  1239 :    673    669    641
  1240 :     63     77     76
  1241 :    243    231    226
  1242 :    136    148    152
  1243 :    466    465    439
  1244 :    288    306    304
  1245 :    659    662    690
  1246 :    297    298    317
  1247 :    280    281    297
  1248 :   1044   1038   1021
  1249 :    260    243    242
  1250 :    185    180    197
  1251 :    922    888    923
  1252 :    254    271    269
  1253 :   1021   1014    996
  1254 :     41     51     50
  1255 :    657    688    658
  1256 :    869    906    905
  1257 :    640    602    603
  1258 :    218    217    234
  1259 :    325    345    357
  1260 :    130    141    125
  1261 :    120    132    136
  1262 :    154    170    169
  1263 :    195    190    178
  1264 :    751    749    726
  1265 :    523    557    536
  1266 :    277    260    259
  1267 :    212    195    196
  1268 :    224    208    207
  1269 :    316    295    296
  1270 :    122    138    137
  1271 :     61     60     73
  1272 :    191    177    174
  1273 :    929    898    895
  1274 :    246    263    251
  1275 :    377    346    352
  1276 :    184    182    200
  1277 :    193    192    177
  1278 :     99     83     84
  1279 :    116    117    132
  1280 :    278    277    261
  1281 :    928    900    933
  1282 :     31     30     28
  1283 :    132    133    148
  1284 :    280    297    285
  1285 :    211    207    195
  1286 :    246    247    263
  1287 :    813    811    778
  1288 :    190    174    173
  1289 :    999    978   1000
  1290 :    995    994   1019
  1291 :    763    764    738
  1292 :    263    264    280
  1293 :    225    209    208
  1294 :    219    213    229
  1295 :    207    208    191
  1296 :    663    632    664
  1297 :    117    118    133
  1298 :    230    234    247
  1299 :    150    166    165
  1300 :     84     69     70
  1301 :    201    200    218
  1302 :    214    218    230
  1303 :     25     23     22
  1304 :    939    915    942
  1305 :    260    258    243
  1306 :    370    339    371
  1307 :    699    698    668
  1308 :    513    545    514
  1309 :   1096   1095   1107
  1310 :    528    561    527
  1311 :    626    657    658
  1312 :   1120   1117   1119
  1313 :    620    579    578
  1314 :   1114   1113   1118
  1315 :    695    720    696
  1316 :    135    128    144
  1317 :    162    157    146
  1318 :    178    173    162
  1319 :    165    181    180
  1320 :     83     79     69
  1321 :    649    617    615
  1322 :   1093   1105   1094
  1323 :    163    146    147
  1324 :    278    294    277
  1325 :    404    378    382
  1326 :    197    181    198
  1327 :    285    297    303
  1328 :    235    246    251
  1329 :    646    677    678
  1330 :    920    886    885
  1331 :    778    776    813
  1332 :    268    280    285
  1333 :    536    569    545
  1334 :    671    641    640
  1335 :    131    130    114
  1336 :    152    164    168
  1337 :    157    142    141
  1338 :    367    335    366
  1339 :    150    135    151
  1340 :     19     18     16
  1341 :    125    109    114
  1342 :    142    129    126
  1343 :   1105   1100   1110
  1344 :    258    240    243
  1345 :     98     93     83
  1346 :   1012    989    988
  1347 :    589    628    629
  1348 :    213    214    229
  1349 :    183    184    201
  1350 :    148    149    164
  1351 :    168    180    185
  1352 :    852    811    814
  1353 :    365    370    395
  1354 :    109    110     94
  1355 :    814    854    853
  1356 :    973    994    995
  1357 :    797    764    763
  1358 :    118    119    134
  1359 :    115     98     99
  1360 :    198    201    214
  1361 :    151    167    166
  1362 :    421    449    443
  1363 :    687    655    686
  1364 :    460    457    434
  1365 :   1010   1005   1031
  1366 :    229    230    246
  1367 :    404    405    378
  1368 :    179    162    163
  1369 :    581    553    594
  1370 :    670    671    640
  1371 :    160    176    175
  1372 :     87     74     88
  1373 :    641    638    604
  1374 :    133    134    149
  1375 :    323    334    309
  1376 :    208    193    191
  1377 :    405    377    378
  1378 :    167    175    184
  1379 :    629    661    630
  1380 :    419    444    420
  1381 :    871    876    838
  1382 :    934    902    935
  1383 :    892    919    927
  1384 :    868    880    842
  1385 :    792    773    793
  1386 :    803    801    794
  1387 :    435    410    411
  1388 :    544    543    511
  1389 :    550    590    551
  1390 :   1098   1085   1099
  1391 :   1115   1108   1116
  1392 :    684    652    653
  1393 :    559    526    524
  1394 :   1064   1063   1082
  1395 :   1069   1050   1070
  1396 :    564    605    562
  1397 :    509    508    485
  1398 :    272    271    254
  1399 :    495    531    494
  1400 :    765    741    737
  1401 :    636    646    611
  1402 :    697    698    724
  1403 :    395    398    422
  1404 :   1031   1005   1006
  1405 :    565    607    564
  1406 :    251    263    268
  1407 :     37     47     38
  1408 :    202    213    219
  1409 :    759    750    760
  1410 :    622    583    580
  1411 :    480    457    460
  1412 :    558    599    598
  1413 :    164    165    180
  1414 :    382    351    354
  1415 :    611    612    576
  1416 :    590    591    551
  1417 :   1050   1049   1070
  1418 :    396    395    422
  1419 :    131    114    115
  1420 :    853    854    890
  1421 :      5      3      1
  1422 :    141    126    125
  1423 :    114    109     98
  1424 :    637    667    636
  1425 :     32     37     38
  1426 :    119    128    135
  1427 :    634    596    635
  1428 :    669    668    638
  1429 :    810    812    851
  1430 :    826    862    824
  1431 :    129    127    113
  1432 :    324    323    309
  1433 :    560    600    599
  1434 :    191    193    177
  1435 :    240    231    243
  1436 :    846    884    844
  1437 :    181    183    198
  1438 :    825    790    824
  1439 :     44     45     37
  1440 :    294    276    277
  1441 :    642    670    639
  1442 :   1025   1048   1046
  1443 :    539    538    505
  1444 :    615    617    614
  1445 :     57     65     53
  1446 :    640    604    602
  1447 :    365    338    370
  1448 :   1104   1091   1092
  1449 :    134    135    150
  1450 :    977    978    975
  1451 :     46     53     43
  1452 :    862    825    824
  1453 :    332    346    331
  1454 :    149    150    165
  1455 :   1000    978    977
  1456 :     71     85     75
  1457 :    382    352    351
  1458 :    398    370    371
  1459 :    777    751    752
  1460 :    219    229    235
  1461 :    277    276    260
  1462 :    598    611    569
  1463 :    110    113     97
  1464 :    783    782    775
  1465 :    331    338    365
  1466 :    368    397    394
  1467 :    639    603    601
  1468 :    146    141    130
  1469 :    370    338    339
  1470 :    151    160    167
  1471 :    526    558    523
  1472 :    670    674    701
  1473 :   1115   1112   1108
  1474 :    309    337    336
  1475 :   1023   1024    998
  1476 :     58     57     46
  1477 :    210    215    216
  1478 :    448    474    469
  1479 :   1046   1024   1023
  1480 :    433    435    411
  1481 :    420    446    445
  1482 :    927    926    952
  1483 :    393    419    420
  1484 :    959    934    935
  1485 :    831    868    842
  1486 :    835    871    838
  1487 :    793    781    818
  1488 :    842    879    841
  1489 :    893    892    927
  1490 :    829    792    793
  1491 :    411    385    386
  1492 :    935    901    903
  1493 :    838    874    836
  1494 :    769    803    794
  1495 :    794    832    795
  1496 :    109     94     93
  1497 :    569    576    545
  1498 :    773    774    807
  1499 :    185    197    202
  1500 :   1045   1024   1046
  1501 :    469    495    494
  1502 :    485    507    484
  1503 :   1019   1018   1042
  1504 :   1051   1028   1029
  1505 :    738    765    737
  1506 :    696    721    722
  1507 :   1065   1064   1082
  1508 :    562    563    528
  1509 :    666    694    695
  1510 :    525    559    524
  1511 :    529    565    530
  1512 :    653    619    620
  1513 :   1042   1041   1065
  1514 :   1107   1106   1114
  1515 :    712    711    685
  1516 :   1082   1081   1096
  1517 :    530    564    562
  1518 :    510    509    485
  1519 :   1086   1069   1070
  1520 :   1109   1098   1099
  1521 :    737    739    713
  1522 :    685    684    653
  1523 :    587    627    626
  1524 :    502    536    513
  1525 :   1119   1115   1116
  1526 :    547    550    551
  1527 :    524    523    502
  1528 :    512    544    511
  1529 :    880    881    913
  1530 :    902    932    899
  1531 :    863    862    826
  1532 :    599    636    598
  1533 :    226    215    210
  1534 :   1103   1092   1090
  1535 :    600    637    599
  1536 :    355    383    353
  1537 :    572    571    541
  1538 :    601    603    561
  1539 :    180    181    197
  1540 :    423    449    421
  1541 :    609    566    567
  1542 :    659    660    657
  1543 :    885    886    850
  1544 :    963    938    960
  1545 :    604    600    602
  1546 :    851    812    852
  1547 :    197    198    213
  1548 :    899    863    864
  1549 :   1104   1092   1103
  1550 :    957    980    976
  1551 :    150    151    166
  1552 :    323    333    334
  1553 :    557    569    536
  1554 :    606    642    639
  1555 :    130    125    114
  1556 :   1112   1103   1108
  1557 :    165    166    181
  1558 :    661    662    630
  1559 :   1111   1102   1104
  1560 :    639    640    603
  1561 :    166    167    183
  1562 :    934    932    902
  1563 :    892    922    919
  1564 :    871    878    876
  1565 :    868    881    880
  1566 :    435    434    410
  1567 :      1      6      5
  1568 :    824    809    806
  1569 :    870    907    906
  1570 :    526    560    558
  1571 :    395    370    398
  1572 :    347    346    377
  1573 :   1111   1104   1112
  1574 :    224    225    208
  1575 :    336    368    364
  1576 :    558    598    557
  1577 :    655    622    654
  1578 :     65     66     54
  1579 :    575    574    543
  1580 :    147    130    131
  1581 :    807    848    808
  1582 :    135    144    151
  1583 :    536    545    513
  1584 :   1081   1095   1096
  1585 :    563    561    528
  1586 :    627    657    626
  1587 :   1119   1117   1115
  1588 :    619    579    620
  1589 :   1106   1113   1114
  1590 :    694    720    695
  1591 :    445    471    447
  1592 :    836    837    796
  1593 :    356    353    324
  1594 :    841    872    834
  1595 :    903    865    866
  1596 :    386    355    356
  1597 :    952    951    974
  1598 :    364    394    393
  1599 :    447    473    448
  1600 :    834    873    835
  1601 :   1004    981    982
  1602 :    795    833    830
  1603 :    866    828    829
  1604 :    818    817    857
  1605 :    857    856    893
  1606 :    974    973    995
  1607 :    830    867    831
  1608 :    796    797    763
  1609 :    982    958    959
  1610 :    723    748    746
  1611 :    746    771    769
  1612 :    458    459    433
  1613 :    461    481    458
  1614 :    110     97     94
  1615 :    557    598    569
  1616 :   1100   1101   1110
  1617 :     45     56     55
  1618 :   1017   1041   1018
  1619 :    972    971    969
  1620 :    560    599    558
  1621 :    869    870    906
  1622 :    559    602    560
  1623 :    942    941    965
  1624 :    643    642    606
  1625 :   1092   1076   1090
  1626 :     48     59     60
  1627 :   1049   1027   1026
  1628 :    720    742    745
  1629 :   1028   1026   1002
  1630 :    420    444    446
  1631 :    838    876    874
  1632 :    935    902    901
  1633 :    411    410    385
  1634 :    794    801    832
  1635 :    927    919    926
  1636 :    793    773    781
  1637 :    842    880    879
  1638 :   1017   1040   1041
  1639 :    484    483    461
  1640 :   1029   1003   1004
  1641 :    722    747    723
  1642 :     66     56     54
  1643 :    792    774    773
  1644 :    144    159    160
  1645 :    806    809    847
  1646 :     43     44     36
  1647 :    907    938    937
  1648 :    113    111     97
  1649 :    125    110    109
  1650 :   1090   1076   1083
  1651 :    126    113    110
  1652 :    608    609    644
  1653 :    309    334    337
  1654 :   1112   1104   1103
  1655 :   1102   1091   1104
  1656 :   1068   1047   1050
  1657 :    627    630    659
  1658 :    824    790    809
  1659 :     66     68     56
  1660 :   1080   1079   1094
  1661 :    906    907    937
  1662 :    915    941    942
  1663 :    790    783    810
  1664 :   1117   1111   1112
  1665 :     39     48     49
  1666 :    378    377    352
  1667 :    837    839    797
  1668 :    872    910    873
  1669 :    817    849    856
  1670 :    951    950    973
  1671 :    748    772    771
  1672 :    481    482    459
  1673 :    865    827    828
  1674 :    981    979    958
  1675 :    471    497    473
  1676 :    819    783    790
  1677 :     49     60     61
  1678 :    588    628    589
  1679 :    508    541    540
  1680 :    396    422    423
  1681 :    378    352    382
  1682 :    523    558    557
  1683 :     53     54     44
  1684 :   1019    994   1018
  1685 :    738    764    765
  1686 :    505    504    480
  1687 :    621    580    579
  1688 :    716    742    720
  1689 :   1105   1110   1113
  1690 :    507    483    484
  1691 :    721    747    722
  1692 :   1028   1003   1029
  1693 :   1047   1027   1049
  1694 :    474    495    469
  1695 :    532    566    531
  1696 :    542    541    508
  1697 :    589    629    590
  1698 :   1097   1084   1085
  1699 :   1089   1075   1091
  1700 :    728    700    727
  1701 :    699    668    669
  1702 :    419    443    444
  1703 :    850    886    888
  1704 :    894    900    928
  1705 :    353    354    323
  1706 :    379    347    377
  1707 :    422    398    424
  1708 :    356    355    353
  1709 :    872    873    834
  1710 :    866    865    828
  1711 :    981    958    982
  1712 :    830    833    867
  1713 :    951    973    974
  1714 :    796    837    797
  1715 :    368    394    364
  1716 :    817    856    857
  1717 :    748    771    746
  1718 :    481    459    458
  1719 :    471    473    447
  1720 :     48     60     49
  1721 :    899    900    863
  1722 :    448    473    474
  1723 :    884    870    844
  1724 :    337    369    368
  1725 :    324    353    323
  1726 :    929    895    928
  1727 :    723    747    748
  1728 :   1004   1003    981
  1729 :    461    483    481
  1730 :    336    337    368
  1731 :    505    538    504
  1732 :   1018    993   1017
  1733 :    445    446    471
  1734 :    385    355    386
  1735 :    901    865    903
  1736 :    874    837    836
  1737 :    393    394    419
  1738 :    952    926    951
  1739 :    818    781    817
  1740 :    841    879    872
  1741 :    835    873    871
  1742 :    893    856    892
  1743 :    832    833    795
  1744 :    769    771    803
  1745 :    829    828    792
  1746 :    433    459    435
  1747 :    959    958    934
  1748 :    831    867    868
  1749 :    606    639    601
  1750 :      4      3      9
  1751 :    508    540    507
  1752 :    844    870    869
  1753 :    657    660    688
  1754 :    495    532    531
  1755 :    383    382    354
  1756 :    544    575    543
  1757 :   1069   1068   1050
  1758 :   1098   1097   1085
  1759 :    550    589    590
  1760 :    509    542    508
  1761 :    334    367    337
  1762 :   1094   1105   1106
  1763 :    474    499    495
  1764 :   1028   1002   1003
  1765 :    507    506    483
  1766 :    853    852    814
  1767 :    563    601    561
  1768 :    627    659    657
  1769 :   1117   1112   1115
  1770 :   1106   1105   1113
  1771 :    619    621    579
  1772 :    694    716    720
  1773 :    913    915    909
  1774 :   1050   1047   1049
  1775 :    804    845    846
  1776 :    432    408    409
  1777 :    482    505    480
  1778 :    641    669    638
  1779 :   1091   1075   1077
  1780 :    397    423    421
  1781 :   1046   1048   1067
  1782 :    385    384    355
  1783 :     54     56     45
  1784 :    616    649    615
  1785 :    394    421    419
  1786 :    808    848    850
  1787 :    369    397    368
  1788 :    353    383    354
  1789 :    807    847    848
  1790 :    369    396    397
  1791 :    337    367    369
  1792 :    473    498    474
  1793 :   1056   1074   1072
  1794 :    394    397    421
  1795 :    993   1016   1017
  1796 :    827    826    791
  1797 :    384    383    355
  1798 :    691    662    661
  1799 :    405    429    430
  1800 :    446    472    471
  1801 :    901    864    865
  1802 :    771    805    803
  1803 :    874    875    837
  1804 :    879    909    872
  1805 :    832    869    833
  1806 :    781    808    817
  1807 :    926    946    951
  1808 :    828    791    792
  1809 :    459    460    435
  1810 :    873    908    871
  1811 :    958    956    934
  1812 :    856    887    892
  1813 :    867    905    868
  1814 :    410    409    385
  1815 :      8      7      2
  1816 :    887    888    922
  1817 :    908    912    878
  1818 :      4      9     10
  1819 :   1088   1101   1100
  1820 :    683    697    709
  1821 :    805    804    846
  1822 :    672    641    671
  1823 :   1095   1080   1094
  1824 :    567    566    532
  1825 :    385    409    384
  1826 :    979    980    957
  1827 :    396    423    397
  1828 :   1081   1080   1095
  1829 :    745    742    767
  1830 :    774    806    807
  1831 :   1017   1016   1040
  1832 :    482    480    460
  1833 :    498    499    474
  1834 :    950    971    973
  1835 :    507    540    506
  1836 :    909    915    939
  1837 :    848    885    850
  1838 :   1084   1083   1067
  1839 :    506    540    539
  1840 :    499    532    495
  1841 :    932    933    899
  1842 :    660    689    688
  1843 :    574    615    573
  1844 :    409    408    384
  1845 :    473    497    498
  1846 :    828    827    791
  1847 :     12      7      8
  1848 :    472    497    471
  1849 :    909    910    872
  1850 :    771    772    805
  1851 :    808    849    817
  1852 :    951    946    950
  1853 :    864    827    865
  1854 :    837    875    839
  1855 :    873    910    908
  1856 :    856    849    887
  1857 :    979    956    958
  1858 :    459    482    460
  1859 :    667    698    697
  1860 :    979    957    956
  1861 :    881    914    913
  1862 :    928    895    894
  1863 :    808    850    849
  1864 :    534    532    499
  1865 :    772    804    805
  1866 :    127    112    111
  1867 :    923    888    921
  1868 :    592    628    588
  1869 :    909    939    910
  1870 :    504    538    537
  1871 :    743    742    716
  1872 :      9      3      5
  1873 :    690    662    691
  1874 :    802    845    804
  1875 :    767    742    743
  1876 :    921    886    920
  1877 :    232    215    231
  1878 :    969    971    950
  1879 :    888    886    921
  1880 :      5      6     11
  1881 :    747    772    748
  1882 :      2      7      1
  1883 :     17     15     18
  1884 :     91     77     92
  1885 :    656    655    687
  1886 :    624    655    656
  1887 :    514    545    544
  1888 :    527    561    559
  1889 :   1118   1113   1117
  1890 :    578    579    550
  1891 :    765    764    799
  1892 :    739    741    766
  1893 :   1007   1010   1033
  1894 :    680    681    707
  1895 :    452    451    426
  1896 :    955    953    976
  1897 :    675    643    644
  1898 :    703    674    675
  1899 :   1063   1080   1081
  1900 :    717    689    690
  1901 :    874    876    911
  1902 :    718    691    692
  1903 :    911    912    940
  1904 :    238    237    221
  1905 :    623    584    624
  1906 :    860    861    897
  1907 :    732    731    757
  1908 :    503    504    537
  1909 :    878    912    911
  1910 :    833    869    867
  1911 :   1113   1110   1117
  1912 :    545    576    575
  1913 :    475    451    452
  1914 :    690    691    718
  1915 :    238    254    237
  1916 :    390    416    414
  1917 :    919    922    946
  1918 :    964    965    987
  1919 :    731    710    736
  1920 :     97     82     94
  1921 :     94     82     80
  1922 :    576    616    575
  1923 :    475    450    451
  1924 :    889    851    852
  1925 :    885    851    889
  1926 :    953    933    957
  1927 :    479    457    480
  1928 :    688    689    716
  1929 :    788    787    822
  1930 :    845    884    846
  1931 :     56     67     55
  1932 :     68     67     56
  1933 :    456    430    455
  1934 :    422    450    423
  1935 :    177    176    161
  1936 :    576    612    616
  1937 :    953    928    933
  1938 :    937    941    914
  1939 :    631    593    632
  1940 :    349    347    379
  1941 :    784    819    789
  1942 :    313    292    293
  1943 :    312    292    313
  1944 :    291    292    312
Number of domains 104
  Domain :      0 
  Name : cercle1
  Number of elements :     32
     0     1     2     3     4     5     6     7     8     9
    10    11    12    13    14    15    16    17    18    19
    20    21    22    23    24    25    26    27    28    29
    30    31
  Domain :      1 
  Name : cercle2
  Number of elements :     32
    32    33    34    35    36    37    38    39    40    41
    42    43    44    45    46    47    48    49    50    51
    52    53    54    55    56    57    58    59    60    61
    62    63
  Domain :      2 
  Name : cercle3
  Number of elements :     32
    64    65    66    67    68    69    70    71    72    73
    74    75    76    77    78    79    80    81    82    83
    84    85    86    87    88    89    90    91    92    93
    94    95
  Domain :      3 
  Name : Entity 104 
  Number of elements :      2
    96    97
  Domain :      4 
  Name : Entity 105 
  Number of elements :      2
    98    99
  Domain :      5 
  Name : Entity 106 
  Number of elements :      2
   100   101
  Domain :      6 
  Name : Entity 107 
  Number of elements :      2
   102   103
  Domain :      7 
  Name : Entity 108 
  Number of elements :      2
   104   105
  Domain :      8 
  Name : Entity 109 
  Number of elements :      2
   106   107
  Domain :      9 
  Name : Entity 110 
  Number of elements :      2
   108   109
  Domain :     10 
  Name : Entity 111 
  Number of elements :      2
   110   111
  Domain :     11 
  Name : Entity 112 
  Number of elements :      2
   112   113
  Domain :     12 
  Name : Entity 113 
  Number of elements :      2
   114   115
  Domain :     13 
  Name : Entity 114 
  Number of elements :      2
   116   117
  Domain :     14 
  Name : Entity 115 
  Number of elements :      2
   118   119
  Domain :     15 
  Name : Entity 116 
  Number of elements :      2
   120   121
  Domain :     16 
  Name : Entity 117 
  Number of elements :      2
   122   123
  Domain :     17 
  Name : Entity 118 
  Number of elements :      2
   124   125
  Domain :     18 
  Name : Entity 119 
  Number of elements :      2
   126   127
  Domain :     19 
  Name : Entity 120 
  Number of elements :      2
   128   129
  Domain :     20 
  Name : Entity 121 
  Number of elements :      2
   130   131
  Domain :     21 
  Name : Entity 122 
  Number of elements :      2
   132   133
  Domain :     22 
  Name : Entity 123 
  Number of elements :      2
   134   135
  Domain :     23 
  Name : Entity 124 
  Number of elements :      2
   136   137
  Domain :     24 
  Name : Entity 125 
  Number of elements :      2
   138   139
  Domain :     25 
  Name : Entity 126 
  Number of elements :      2
   140   141
  Domain :     26 
  Name : Entity 127 
  Number of elements :      2
   142   143
  Domain :     27 
  Name : Entity 128 
  Number of elements :      2
   144   145
  Domain :     28 
  Name : Entity 129 
  Number of elements :      2
   146   147
  Domain :     29 
  Name : Entity 130 
  Number of elements :      2
   148   149
  Domain :     30 
  Name : Entity 131 
  Number of elements :      2
   150   151
  Domain :     31 
  Name : Entity 132 
  Number of elements :      2
   152   153
  Domain :     32 
  Name : Entity 133 
  Number of elements :      2
   154   155
  Domain :     33 
  Name : Entity 134 
  Number of elements :      2
   156   157
  Domain :     34 
  Name : Entity 135 
  Number of elements :      2
   158   159
  Domain :     35 
  Name : Entity 136 
  Number of elements :      2
   160   161
  Domain :     36 
  Name : Entity 137 
  Number of elements :      2
   162   163
  Domain :     37 
  Name : Entity 138 
  Number of elements :      2
   164   165
  Domain :     38 
  Name : Entity 139 
  Number of elements :      2
   166   167
  Domain :     39 
  Name : Entity 140 
  Number of elements :      2
   168   169
  Domain :     40 
  Name : Entity 141 
  Number of elements :      2
   170   171
  Domain :     41 
  Name : Entity 142 
  Number of elements :      2
   172   173
  Domain :     42 
  Name : Entity 143 
  Number of elements :      2
   174   175
  Domain :     43 
  Name : Entity 144 
  Number of elements :      2
   176   177
  Domain :     44 
  Name : Entity 145 
  Number of elements :      2
   178   179
  Domain :     45 
  Name : Entity 146 
  Number of elements :      2
   180   181
  Domain :     46 
  Name : Entity 147 
  Number of elements :      2
   182   183
  Domain :     47 
  Name : Entity 148 
  Number of elements :      2
   184   185
  Domain :     48 
  Name : Entity 149 
  Number of elements :      4
   186   187   188   189
  Domain :     49 
  Name : Entity 150 
  Number of elements :      2
   190   191
  Domain :     50 
  Name : Entity 151 
  Number of elements :      3
   192   193   194
  Domain :     51 
  Name : Entity 152 
  Number of elements :      2
   195   196
  Domain :     52 
  Name : Entity 153 
  Number of elements :      2
   197   198
  Domain :     53 
  Name : Entity 154 
  Number of elements :      2
   199   200
  Domain :     54 
  Name : Entity 155 
  Number of elements :      2
   201   202
  Domain :     55 
  Name : Entity 156 
  Number of elements :      2
   203   204
  Domain :     56 
  Name : Entity 157 
  Number of elements :      2
   205   206
  Domain :     57 
  Name : Entity 158 
  Number of elements :      2
   207   208
  Domain :     58 
  Name : Entity 159 
  Number of elements :      2
   209   210
  Domain :     59 
  Name : Entity 160 
  Number of elements :      2
   211   212
  Domain :     60 
  Name : Entity 161 
  Number of elements :      2
   213   214
  Domain :     61 
  Name : Entity 162 
  Number of elements :      2
   215   216
  Domain :     62 
  Name : Entity 163 
  Number of elements :      2
   217   218
  Domain :     63 
  Name : Entity 164 
  Number of elements :      2
   219   220
  Domain :     64 
  Name : Entity 165 
  Number of elements :      2
   221   222
  Domain :     65 
  Name : Entity 166 
  Number of elements :      2
   223   224
  Domain :     66 
  Name : Entity 167 
  Number of elements :      2
   225   226
  Domain :     67 
  Name : Entity 168 
  Number of elements :      2
   227   228
  Domain :     68 
  Name : Entity 169 
  Number of elements :      2
   229   230
  Domain :     69 
  Name : Entity 170 
  Number of elements :      2
   231   232
  Domain :     70 
  Name : Entity 171 
  Number of elements :      2
   233   234
  Domain :     71 
  Name : Entity 172 
  Number of elements :      2
   235   236
  Domain :     72 
  Name : Entity 173 
  Number of elements :      2
   237   238
  Domain :     73 
  Name : Entity 174 
  Number of elements :      2
   239   240
  Domain :     74 
  Name : Entity 175 
  Number of elements :      2
   241   242
  Domain :     75 
  Name : Entity 176 
  Number of elements :      2
   243   244
  Domain :     76 
  Name : Entity 177 
  Number of elements :      2
   245   246
  Domain :     77 
  Name : Entity 178 
  Number of elements :      2
   247   248
  Domain :     78 
  Name : Entity 179 
  Number of elements :      2
   249   250
  Domain :     79 
  Name : Entity 180 
  Number of elements :      2
   251   252
  Domain :     80 
  Name : Entity 181 
  Number of elements :      2
   253   254
  Domain :     81 
  Name : Entity 182 
  Number of elements :      2
   255   256
  Domain :     82 
  Name : Entity 183 
  Number of elements :      2
   257   258
  Domain :     83 
  Name : Entity 184 
  Number of elements :      2
   259   260
  Domain :     84 
  Name : Entity 185 
  Number of elements :      2
   261   262
  Domain :     85 
  Name : Entity 186 
  Number of elements :      2
   263   264
  Domain :     86 
  Name : Entity 187 
  Number of elements :      2
   265   266
  Domain :     87 
  Name : Entity 188 
  Number of elements :      2
   267   268
  Domain :     88 
  Name : Entity 189 
  Number of elements :      2
   269   270
  Domain :     89 
  Name : Entity 190 
  Number of elements :      2
   271   272
  Domain :     90 
  Name : Entity 191 
  Number of elements :      2
   273   274
  Domain :     91 
  Name : Entity 192 
  Number of elements :      2
   275   276
  Domain :     92 
  Name : Entity 193 
  Number of elements :      2
   277   278
  Domain :     93 
  Name : Entity 194 
  Number of elements :      2
   279   280
  Domain :     94 
  Name : Entity 195 
  Number of elements :      2
   281   282
  Domain :     95 
  Name : Entity 196 
  Number of elements :      2
   283   284
  Domain :     96 
  Name : Entity 197 
  Number of elements :      2
   285   286
  Domain :     97 
  Name : Entity 198 
  Number of elements :      2
   287   288
  Domain :     98 
  Name : Entity 199 
  Number of elements :      2
   289   290
  Domain :     99 
  Name : Entity 200 
  Number of elements :      2
   291   292
  Domain :    100 
  Name : Entity 201 
  Number of elements :      2
   293   294
  Domain :    101 
  Name : Entity 202 
  Number of elements :      2
   295   296
  Domain :    102 
  Name : Entity 203 
  Number of elements :      2
   297   298
  Domain :    103 
  Name : Entity 204 
  Number of elements :      2
   299   300
